metodo,periodo,cobertura,se_cluster,ancho_medio,ancho_mediano,pct_infinito,IS_finitos,IS_total,n_dias,n,modelo,arboles,crps,nota
estatico,test_pre,93.5,1.03,799.1,399.7,0.0,1028.6,1028.6198746266512,30,3390,hurdle_400 (referencia),800,96.07,
transporte_g05,test_pre,92.0,1.19,680.7,345.8,0.0,963.9,963.948675102651,30,3390,hurdle_400 (referencia),800,96.07,
estatico,test_transition,95.3,0.45,1203.3,667.5,0.0,1587.6,1587.5843151038584,92,10607,hurdle_400 (referencia),800,133.52,
transporte_g05,test_transition,90.9,0.81,805.6,420.2,0.0,1408.5,1408.4853616599992,92,10607,hurdle_400 (referencia),800,133.52,
estatico,2025-S1,89.4,1.04,454.8,179.4,0.0,745.2,745.1780831780393,181,21784,hurdle_400 (referencia),800,70.7,
transporte_g05,2025-S1,87.4,1.13,445.6,142.8,9.9,832.0,inf,181,21784,hurdle_400 (referencia),800,70.7,
estatico,2025-S2,94.0,0.45,750.1,349.0,0.0,1023.7,1023.7374833812137,184,22941,hurdle_400 (referencia),800,93.82,
transporte_g05,2025-S2,91.6,0.63,717.7,318.7,10.7,1214.7,inf,184,22941,hurdle_400 (referencia),800,93.82,
estatico,2026-S1,92.5,0.58,534.9,244.7,0.0,820.3,820.2852704728487,151,19146,hurdle_400 (referencia),800,78.31,
transporte_g05,2026-S1,90.5,0.72,488.7,210.8,0.0,836.9,836.8563618259631,151,19146,hurdle_400 (referencia),800,78.31,
estatico,TEST_COMPLETO,92.5,0.37,678.4,300.1,0.0,972.8,972.8030893815552,638,77868,hurdle_400 (referencia),800,89.52,
transporte_g05,TEST_COMPLETO,90.1,0.43,595.9,248.5,5.9,1029.9,inf,638,77868,hurdle_400 (referencia),800,89.52,
estatico,test_pre,85.3,1.66,257.1,222.0,0.0,831.8,831.8069619473155,30,3390,qgbm_54x15 (capacidad equiparada),810,93.38,
transporte_g05,test_pre,88.3,1.52,301.5,259.8,0.0,758.2,758.1503435699217,30,3390,qgbm_54x15 (capacidad equiparada),810,93.38,
estatico,test_transition,81.5,1.09,312.2,251.1,0.0,1257.3,1257.260565925064,92,10607,qgbm_54x15 (capacidad equiparada),810,131.18,
transporte_g05,test_transition,92.0,0.68,486.0,442.5,0.0,921.5,921.5335788652997,92,10607,qgbm_54x15 (capacidad equiparada),810,131.18,
estatico,2025-S1,88.5,0.86,215.3,172.1,0.0,623.8,623.7776190310019,181,21784,qgbm_54x15 (capacidad equiparada),810,68.38,
transporte_g05,2025-S1,87.9,1.03,242.0,181.1,0.0,671.9,671.9200922119215,181,21784,qgbm_54x15 (capacidad equiparada),810,68.38,
estatico,2025-S2,86.9,0.58,256.9,209.2,0.0,883.9,883.8798551942103,184,22941,qgbm_54x15 (capacidad equiparada),810,93.34,
transporte_g05,2025-S2,91.3,0.52,335.8,279.8,6.4,807.0,inf,184,22941,qgbm_54x15 (capacidad equiparada),810,93.34,
estatico,2026-S1,89.1,0.67,232.5,179.9,0.0,680.7,680.6774273692247,151,19146,qgbm_54x15 (capacidad equiparada),810,76.77,
transporte_g05,2026-S1,91.0,0.65,259.9,205.2,0.0,629.6,629.5958216502169,151,19146,qgbm_54x15 (capacidad equiparada),810,76.77,
estatico,TEST_COMPLETO,87.0,0.39,246.8,191.6,0.0,809.7,809.7459528838733,638,77868,qgbm_54x15 (capacidad equiparada),810,87.4,
transporte_g05,TEST_COMPLETO,90.2,0.39,309.3,250.8,1.9,737.8,inf,638,77868,qgbm_54x15 (capacidad equiparada),810,87.4,
estatico,test_pre,94.5,0.9,1277.9,545.8,0.0,1495.7,1495.6504792594724,30,3390,hurdle_2000 (capacidad x5),4000,104.19,
transporte_g05,test_pre,92.7,1.05,1016.4,439.4,0.0,1295.7,1295.6747373128794,30,3390,hurdle_2000 (capacidad x5),4000,104.19,
estatico,test_transition,95.0,0.44,1668.1,884.2,0.0,2108.0,2108.0348542687316,92,10607,hurdle_2000 (capacidad x5),4000,141.07,
transporte_g05,test_transition,90.5,0.84,1053.1,497.8,0.0,1735.9,1735.9080231490511,92,10607,hurdle_2000 (capacidad x5),4000,141.07,
estatico,2025-S1,88.9,1.1,653.3,230.0,0.0,974.6,974.6398858355308,181,21784,hurdle_2000 (capacidad x5),4000,75.13,
transporte_g05,2025-S1,87.5,1.19,711.9,189.1,9.9,1128.1,inf,181,21784,hurdle_2000 (capacidad x5),4000,75.13,
estatico,2025-S2,93.8,0.51,1080.6,483.5,0.0,1391.3,1391.2586273614818,184,22941,hurdle_2000 (capacidad x5),4000,100.91,
transporte_g05,2025-S2,91.6,0.65,1001.6,412.2,10.7,1542.5,inf,184,22941,hurdle_2000 (capacidad x5),4000,100.91,
estatico,2026-S1,91.8,0.71,756.4,300.2,0.0,1066.4,1066.4111045906004,151,19146,hurdle_2000 (capacidad x5),4000,83.53,
transporte_g05,2026-S1,90.5,0.82,778.0,281.9,0.0,1138.9,1138.908903096695,151,19146,hurdle_2000 (capacidad x5),4000,83.53,
estatico,TEST_COMPLETO,92.1,0.4,970.0,394.2,0.0,1297.0,1297.0168397255693,638,77868,hurdle_2000 (capacidad x5),4000,95.46,
transporte_g05,TEST_COMPLETO,90.1,0.46,873.7,323.7,5.9,1342.6,inf,638,77868,hurdle_2000 (capacidad x5),4000,95.46,
estatico,test_pre,100.0,0.0,,,100.0,,inf,30,3390,qgbm_9x400 (rejilla gruesa),3600,72.89,
transporte_g05,test_pre,97.8,1.14,313.0,226.5,70.0,451.5,inf,30,3390,qgbm_9x400 (rejilla gruesa),3600,72.89,
estatico,test_transition,100.0,0.0,,,100.0,,inf,92,10607,qgbm_9x400 (rejilla gruesa),3600,94.37,
transporte_g05,test_transition,89.2,1.27,319.7,228.6,31.3,854.5,inf,92,10607,qgbm_9x400 (rejilla gruesa),3600,94.37,
estatico,2025-S1,100.0,0.0,,,100.0,,inf,181,21784,qgbm_9x400 (rejilla gruesa),3600,58.6,
transporte_g05,2025-S1,89.7,1.06,162.9,99.8,42.5,570.6,inf,181,21784,qgbm_9x400 (rejilla gruesa),3600,58.6,
estatico,2025-S2,100.0,0.0,,,100.0,,inf,184,22941,qgbm_9x400 (rejilla gruesa),3600,72.89,
transporte_g05,2025-S2,90.1,0.86,248.6,166.2,41.8,777.4,inf,184,22941,qgbm_9x400 (rejilla gruesa),3600,72.89,
estatico,2026-S1,100.0,0.0,,,100.0,,inf,151,19146,qgbm_9x400 (rejilla gruesa),3600,61.5,
transporte_g05,2026-S1,90.0,1.12,169.5,106.0,44.8,641.5,inf,151,19146,qgbm_9x400 (rejilla gruesa),3600,61.5,
estatico,TEST_COMPLETO,100.0,0.0,,,100.0,,inf,638,77868,qgbm_9x400 (rejilla gruesa),3600,68.98,
transporte_g05,TEST_COMPLETO,90.2,0.51,219.0,137.5,42.5,692.6,inf,638,77868,qgbm_9x400 (rejilla gruesa),3600,68.98,
