metodo,periodo,cobertura,se_cluster,ancho_medio,ancho_mediano,pct_infinito,IS_finitos,IS_total,n_dias,n,grupo,gamma,segundos
A0 split estatico,test_pre,93.5,1.03,799.1,399.7,0.0,1028.6,1028.6199818759424,30,3390,A0,,0.01
A0 split estatico,test_transition,95.3,0.45,1203.3,667.5,0.0,1587.6,1587.584564697619,92,10607,A0,,0.01
A0 split estatico,2025-S1,89.4,1.04,454.8,179.4,0.0,745.2,745.1781435303656,181,21784,A0,,0.01
A0 split estatico,2025-S2,94.0,0.45,750.1,349.0,0.0,1023.7,1023.737611298686,184,22941,A0,,0.01
A0 split estatico,2026-S1,92.5,0.58,534.9,244.7,0.0,820.3,820.2853457461563,151,19146,A0,,0.01
A0 split estatico,TEST_COMPLETO,92.5,0.37,678.4,300.1,0.0,972.8,972.8032011279556,638,77868,A0,,0.01
A1 ACI puro (g=0.02),test_pre,93.0,1.06,759.3,380.9,0.0,1005.7,1005.6540345352344,30,3390,A1,0.02,0.23
A1 ACI puro (g=0.02),test_transition,93.5,0.55,915.2,509.1,0.0,1400.8,1400.8490873131962,92,10607,A1,0.02,0.23
A1 ACI puro (g=0.02),2025-S1,85.7,1.16,345.2,136.7,0.0,739.3,739.2982754717776,181,21784,A1,0.02,0.23
A1 ACI puro (g=0.02),2025-S2,93.5,0.49,668.8,346.6,0.0,1010.3,1010.347310338843,184,22941,A1,0.02,0.23
A1 ACI puro (g=0.02),2026-S1,89.1,0.76,404.6,185.7,0.0,799.8,799.7582202190148,151,19146,A1,0.02,0.23
A1 ACI puro (g=0.02),TEST_COMPLETO,90.2,0.43,550.8,250.5,0.0,935.7,935.7296400302997,638,77868,A1,0.02,0.23
A1 ACI puro (g=0.05),test_pre,92.4,1.16,717.7,361.6,0.0,985.7,985.6776033657499,30,3390,A1,0.05,0.21
A1 ACI puro (g=0.05),test_transition,92.1,0.67,821.6,446.2,0.0,1369.9,1369.9427571258414,92,10607,A1,0.05,0.21
A1 ACI puro (g=0.05),2025-S1,86.6,1.14,404.8,144.0,2.8,785.7,inf,181,21784,A1,0.05,0.21
A1 ACI puro (g=0.05),2025-S2,92.5,0.58,609.3,311.1,11.8,1062.8,inf,184,22941,A1,0.05,0.21
A1 ACI puro (g=0.05),2026-S1,89.8,0.75,445.8,197.0,0.0,819.3,819.3166385847891,151,19146,A1,0.05,0.21
A1 ACI puro (g=0.05),TEST_COMPLETO,90.1,0.43,544.4,244.0,4.2,961.8,inf,638,77868,A1,0.05,0.21
A2 transporte sin ACI,test_pre,93.0,1.04,741.3,370.0,0.0,992.0,991.9572455608809,30,3390,A2,,7.13
A2 transporte sin ACI,test_transition,92.0,0.72,832.7,456.1,0.0,1390.3,1390.3392143214367,92,10607,A2,,7.13
A2 transporte sin ACI,2025-S1,85.4,1.16,322.9,132.2,0.0,733.4,733.3787855171969,181,21784,A2,,7.13
A2 transporte sin ACI,2025-S2,93.0,0.51,648.2,329.5,0.0,1022.5,1022.4911290508253,184,22941,A2,,7.13
A2 transporte sin ACI,2026-S1,89.5,0.76,418.0,192.4,0.0,802.4,802.3632429018742,151,19146,A2,,7.13
A2 transporte sin ACI,TEST_COMPLETO,89.9,0.44,529.8,242.7,0.0,936.3,936.263962251756,638,77868,A2,,7.13
A3 Transporte+ACI sin shrinkage (g=0.02),test_pre,92.7,1.06,714.6,360.3,0.0,978.2,978.2306071863411,30,3390,A3,0.02,0.58
A3 Transporte+ACI sin shrinkage (g=0.02),test_transition,91.1,0.8,787.0,422.4,0.0,1390.8,1390.7928115489046,92,10607,A3,0.02,0.58
A3 Transporte+ACI sin shrinkage (g=0.02),2025-S1,86.6,1.16,437.0,150.2,0.6,823.5,inf,181,21784,A3,0.02,0.58
A3 Transporte+ACI sin shrinkage (g=0.02),2025-S2,92.4,0.6,991.2,402.1,1.1,1414.2,inf,184,22941,A3,0.02,0.58
A3 Transporte+ACI sin shrinkage (g=0.02),2026-S1,90.3,0.73,459.8,206.3,0.0,820.3,820.320801285342,151,19146,A3,0.02,0.58
A3 Transporte+ACI sin shrinkage (g=0.02),TEST_COMPLETO,90.1,0.44,665.0,266.9,0.5,1080.1,inf,638,77868,A3,0.02,0.58
A3 Transporte+ACI sin shrinkage (g=0.05),test_pre,92.0,1.19,682.5,347.1,0.0,964.9,964.9199237090711,30,3390,A3,0.05,0.63
A3 Transporte+ACI sin shrinkage (g=0.05),test_transition,90.9,0.81,805.7,418.9,0.0,1409.5,1409.5124890179727,92,10607,A3,0.05,0.63
A3 Transporte+ACI sin shrinkage (g=0.05),2025-S1,87.4,1.14,455.7,143.0,9.9,842.5,inf,181,21784,A3,0.05,0.63
A3 Transporte+ACI sin shrinkage (g=0.05),2025-S2,91.6,0.63,700.5,317.1,11.2,1200.0,inf,184,22941,A3,0.05,0.63
A3 Transporte+ACI sin shrinkage (g=0.05),2026-S1,90.5,0.73,488.7,210.8,0.0,836.9,836.8674097394677,151,19146,A3,0.05,0.63
A3 Transporte+ACI sin shrinkage (g=0.05),TEST_COMPLETO,90.1,0.43,593.8,248.1,6.1,1028.5,inf,638,77868,A3,0.05,0.63
A4 Transporte+ACI completo (g=0.02),test_pre,92.6,1.07,713.8,359.3,0.0,977.7,977.7177330815495,30,3390,A4,0.02,6.95
A4 Transporte+ACI completo (g=0.02),test_transition,91.1,0.8,786.2,422.1,0.0,1390.0,1389.9910780866953,92,10607,A4,0.02,6.95
A4 Transporte+ACI completo (g=0.02),2025-S1,86.5,1.17,436.3,150.0,0.6,823.3,inf,181,21784,A4,0.02,6.95
A4 Transporte+ACI completo (g=0.02),2025-S2,92.4,0.6,986.9,402.0,1.1,1409.8,inf,184,22941,A4,0.02,6.95
A4 Transporte+ACI completo (g=0.02),2026-S1,90.3,0.72,459.3,206.0,0.0,819.8,819.8064539377705,151,19146,A4,0.02,6.95
A4 Transporte+ACI completo (g=0.02),TEST_COMPLETO,90.1,0.44,663.3,266.5,0.5,1078.5,inf,638,77868,A4,0.02,6.95
A4 Transporte+ACI completo (g=0.05),test_pre,92.0,1.19,682.1,346.7,0.0,964.7,964.7395995412593,30,3390,A4,0.05,6.69
A4 Transporte+ACI completo (g=0.05),test_transition,90.9,0.81,805.9,419.6,0.0,1409.3,1409.2593547438003,92,10607,A4,0.05,6.69
A4 Transporte+ACI completo (g=0.05),2025-S1,87.4,1.14,448.6,142.6,9.9,836.0,inf,181,21784,A4,0.05,6.69
A4 Transporte+ACI completo (g=0.05),2025-S2,91.6,0.63,707.3,318.6,11.2,1206.2,inf,184,22941,A4,0.05,6.69
A4 Transporte+ACI completo (g=0.05),2026-S1,90.5,0.73,487.3,210.7,0.0,836.0,836.0243623128441,151,19146,A4,0.05,6.69
A4 Transporte+ACI completo (g=0.05),TEST_COMPLETO,90.1,0.43,593.4,248.2,6.1,1028.2,inf,638,77868,A4,0.05,6.69
