metodo,eje,grupo,cobertura,se_cluster,desvio_pp,ancho_medio,pct_infinito,n,n_dias
M0 split agrupado (manuscrito),tecnologia,Eólica,92.43,0.42,2.43,470.2,0.0,33093,638
M0 split agrupado (manuscrito),tecnologia,Solar,92.53,0.42,2.53,832.3,0.0,44775,638
M0 split agrupado (manuscrito),tamano de central,pequena,93.59,0.35,3.59,247.0,0.0,25348,638
M0 split agrupado (manuscrito),tamano de central,mediana,92.72,0.41,2.72,678.2,0.0,25273,638
M0 split agrupado (manuscrito),tamano de central,grande,91.24,0.44,1.24,1079.9,0.0,27247,638
M0 split agrupado (manuscrito),region,Antofagasta,94.26,0.44,4.26,1052.4,0.0,26926,638
M0 split agrupado (manuscrito),region,Arica y Parinacota,94.83,0.88,4.83,1164.1,0.0,638,638
M0 split agrupado (manuscrito),region,Atacama,90.92,0.52,0.92,851.4,0.0,15755,638
M0 split agrupado (manuscrito),region,Biobío,88.48,0.71,-1.52,151.4,0.0,6380,638
M0 split agrupado (manuscrito),region,Coquimbo,93.0,0.59,3.0,358.7,0.0,9192,638
M0 split agrupado (manuscrito),region,La Araucanía,90.07,0.8,0.07,323.8,0.0,5104,638
M0 split agrupado (manuscrito),region,Libertador General Bernardo O'Higgins,93.34,0.76,3.34,79.7,0.0,2356,638
M0 split agrupado (manuscrito),region,Los Lagos,93.57,0.76,3.57,199.3,0.0,2552,638
M0 split agrupado (manuscrito),region,Maule,93.5,0.79,3.5,308.0,0.0,1178,638
M0 split agrupado (manuscrito),region,Metropolitana de Santiago,94.38,0.56,4.38,327.9,0.0,2484,638
M0 split agrupado (manuscrito),region,Tarapacá,91.27,0.63,1.27,442.4,0.0,3852,638
M0 split agrupado (manuscrito),region,Valparaíso,94.36,0.68,4.36,579.0,0.0,1451,638
M0 split agrupado (manuscrito),evento,alto (decil sup.),91.9,0.61,1.9,953.8,0.0,30831,254
M0 split agrupado (manuscrito),evento,resto,92.87,0.46,2.87,497.9,0.0,47037,384
M1 conformal por bloques de dia,tecnologia,Eólica,92.7,0.41,2.7,483.1,0.0,33093,638
M1 conformal por bloques de dia,tecnologia,Solar,92.76,0.41,2.76,855.0,0.0,44775,638
M1 conformal por bloques de dia,tamano de central,pequena,93.86,0.35,3.86,253.7,0.0,25348,638
M1 conformal por bloques de dia,tamano de central,mediana,92.96,0.4,2.96,696.7,0.0,25273,638
M1 conformal por bloques de dia,tamano de central,grande,91.47,0.44,1.47,1109.5,0.0,27247,638
M1 conformal por bloques de dia,region,Antofagasta,94.43,0.43,4.43,1080.9,0.0,26926,638
M1 conformal por bloques de dia,region,Arica y Parinacota,95.14,0.85,5.14,1195.4,0.0,638,638
M1 conformal por bloques de dia,region,Atacama,91.21,0.51,1.21,874.5,0.0,15755,638
M1 conformal por bloques de dia,region,Biobío,88.95,0.69,-1.05,155.7,0.0,6380,638
M1 conformal por bloques de dia,region,Coquimbo,93.23,0.58,3.23,368.6,0.0,9192,638
M1 conformal por bloques de dia,region,La Araucanía,90.38,0.79,0.38,333.0,0.0,5104,638
M1 conformal por bloques de dia,region,Libertador General Bernardo O'Higgins,93.69,0.74,3.69,82.0,0.0,2356,638
M1 conformal por bloques de dia,region,Los Lagos,93.89,0.74,3.89,205.1,0.0,2552,638
M1 conformal por bloques de dia,region,Maule,93.57,0.79,3.57,317.4,0.0,1178,638
M1 conformal por bloques de dia,region,Metropolitana de Santiago,94.42,0.56,4.42,337.1,0.0,2484,638
M1 conformal por bloques de dia,region,Tarapacá,91.69,0.62,1.69,454.4,0.0,3852,638
M1 conformal por bloques de dia,region,Valparaíso,94.44,0.67,4.44,595.7,0.0,1451,638
M1 conformal por bloques de dia,evento,alto (decil sup.),92.13,0.61,2.13,979.6,0.0,30831,254
M1 conformal por bloques de dia,evento,resto,93.13,0.45,3.13,511.6,0.0,47037,384
M2 Mondrian por tecnologia,tecnologia,Eólica,94.06,0.37,4.06,566.8,0.0,33093,638
M2 Mondrian por tecnologia,tecnologia,Solar,91.01,0.45,1.01,714.0,0.0,44775,638
M2 Mondrian por tecnologia,tamano de central,pequena,93.67,0.35,3.67,231.9,0.0,25348,638
M2 Mondrian por tecnologia,tamano de central,mediana,92.55,0.42,2.55,638.9,0.0,25273,638
M2 Mondrian por tecnologia,tamano de central,grande,90.79,0.45,0.79,1053.3,0.0,27247,638
M2 Mondrian por tecnologia,region,Antofagasta,93.48,0.45,3.48,996.2,0.0,26926,638
M2 Mondrian por tecnologia,region,Arica y Parinacota,93.42,0.98,3.42,1000.3,0.0,638,638
M2 Mondrian por tecnologia,region,Atacama,89.47,0.54,-0.53,800.6,0.0,15755,638
M2 Mondrian por tecnologia,region,Biobío,90.72,0.63,0.72,183.7,0.0,6380,638
M2 Mondrian por tecnologia,region,Coquimbo,93.88,0.54,3.88,375.5,0.0,9192,638
M2 Mondrian por tecnologia,region,La Araucanía,92.46,0.7,2.46,392.5,0.0,5104,638
M2 Mondrian por tecnologia,region,Libertador General Bernardo O'Higgins,95.06,0.66,5.06,96.6,0.0,2356,638
M2 Mondrian por tecnologia,region,Los Lagos,94.98,0.67,4.98,242.4,0.0,2552,638
M2 Mondrian por tecnologia,region,Maule,92.24,0.86,2.24,259.5,0.0,1178,638
M2 Mondrian por tecnologia,region,Metropolitana de Santiago,92.96,0.63,2.96,280.2,0.0,2484,638
M2 Mondrian por tecnologia,region,Tarapacá,89.83,0.67,-0.17,379.8,0.0,3852,638
M2 Mondrian por tecnologia,region,Valparaíso,93.18,0.75,3.18,492.0,0.0,1451,638
M2 Mondrian por tecnologia,evento,alto (decil sup.),91.73,0.62,1.73,918.2,0.0,30831,254
M2 Mondrian por tecnologia,evento,resto,92.68,0.47,2.68,476.6,0.0,47037,384
M2 Mondrian por region,tecnologia,Eólica,94.05,0.37,4.05,455.7,0.0,33093,638
M2 Mondrian por region,tecnologia,Solar,90.72,0.47,0.72,700.4,0.0,44775,638
M2 Mondrian por region,tamano de central,pequena,93.67,0.35,3.67,226.5,0.0,25348,638
M2 Mondrian por region,tamano de central,mediana,93.12,0.42,3.12,648.6,0.0,25273,638
M2 Mondrian por region,tamano de central,grande,89.76,0.49,-0.24,892.2,0.0,27247,638
M2 Mondrian por region,region,Antofagasta,91.03,0.52,1.03,748.2,0.0,26926,638
M2 Mondrian por region,region,Arica y Parinacota,97.18,0.66,7.18,1695.1,0.0,638,638
M2 Mondrian por region,region,Atacama,89.69,0.54,-0.31,770.3,0.0,15755,638
M2 Mondrian por region,region,Biobío,93.03,0.55,3.03,227.0,0.0,6380,638
M2 Mondrian por region,region,Coquimbo,94.38,0.52,4.38,429.0,0.0,9192,638
M2 Mondrian por region,region,La Araucanía,94.67,0.58,4.67,490.3,0.0,5104,638
M2 Mondrian por region,region,Libertador General Bernardo O'Higgins,94.59,0.69,4.59,90.5,0.0,2356,638
M2 Mondrian por region,region,Los Lagos,95.92,0.61,5.92,281.3,0.0,2552,638
M2 Mondrian por region,region,Maule,93.5,0.79,3.5,308.0,0.0,1178,638
M2 Mondrian por region,region,Metropolitana de Santiago,96.85,0.44,6.85,477.2,0.0,2484,638
M2 Mondrian por region,region,Tarapacá,89.31,0.68,-0.69,357.2,0.0,3852,638
M2 Mondrian por region,region,Valparaíso,97.15,0.46,7.15,915.9,0.0,1451,638
M2 Mondrian por region,evento,alto (decil sup.),91.51,0.63,1.51,845.8,0.0,30831,254
M2 Mondrian por region,evento,resto,92.53,0.49,2.53,433.0,0.0,47037,384
M2 Mondrian por tercil de potencia,tecnologia,Eólica,92.49,0.42,2.49,467.0,0.0,33093,638
M2 Mondrian por tercil de potencia,tecnologia,Solar,92.56,0.42,2.56,827.9,0.0,44775,638
M2 Mondrian por tercil de potencia,tamano de central,pequena,93.9,0.34,3.9,255.0,0.0,25348,638
M2 Mondrian por tercil de potencia,tamano de central,mediana,92.61,0.41,2.61,671.5,0.0,25273,638
M2 Mondrian por tercil de potencia,tamano de central,grande,91.17,0.45,1.17,1067.7,0.0,27247,638
M2 Mondrian por tercil de potencia,region,Antofagasta,94.26,0.43,4.26,1046.0,0.0,26926,638
M2 Mondrian por tercil de potencia,region,Arica y Parinacota,94.83,0.88,4.83,1152.6,0.0,638,638
M2 Mondrian por tercil de potencia,region,Atacama,90.96,0.52,0.96,844.6,0.0,15755,638
M2 Mondrian por tercil de potencia,region,Biobío,88.57,0.7,-1.43,152.3,0.0,6380,638
M2 Mondrian por tercil de potencia,region,Coquimbo,93.07,0.59,3.07,357.8,0.0,9192,638
M2 Mondrian por tercil de potencia,region,La Araucanía,90.03,0.8,0.03,321.8,0.0,5104,638
M2 Mondrian por tercil de potencia,region,Libertador General Bernardo O'Higgins,93.73,0.74,3.73,82.4,0.0,2356,638
M2 Mondrian por tercil de potencia,region,Los Lagos,93.77,0.75,3.77,199.1,0.0,2552,638
M2 Mondrian por tercil de potencia,region,Maule,93.57,0.79,3.57,309.9,0.0,1178,638
M2 Mondrian por tercil de potencia,region,Metropolitana de Santiago,94.21,0.57,4.21,324.5,0.0,2484,638
M2 Mondrian por tercil de potencia,region,Tarapacá,91.37,0.63,1.37,441.7,0.0,3852,638
M2 Mondrian por tercil de potencia,region,Valparaíso,94.36,0.68,4.36,577.8,0.0,1451,638
M2 Mondrian por tercil de potencia,evento,alto (decil sup.),91.91,0.61,1.91,948.3,0.0,30831,254
M2 Mondrian por tercil de potencia,evento,resto,92.93,0.46,2.93,495.1,0.0,47037,384
M3 conformal por central,tecnologia,Eólica,94.07,0.38,4.07,479.7,0.0,33093,638
M3 conformal por central,tecnologia,Solar,91.42,0.46,1.42,752.3,0.0,44775,638
M3 conformal por central,tamano de central,pequena,93.02,0.36,3.02,218.6,0.0,25348,638
M3 conformal por central,tamano de central,mediana,92.88,0.44,2.88,613.1,0.0,25273,638
M3 conformal por central,tamano de central,grande,91.79,0.46,1.79,1046.8,0.0,27247,638
M3 conformal por central,region,Antofagasta,91.82,0.51,1.82,832.5,0.0,26926,638
M3 conformal por central,region,Arica y Parinacota,97.18,0.66,7.18,1695.1,0.0,638,638
M3 conformal por central,region,Atacama,90.43,0.55,0.43,832.0,0.0,15755,638
M3 conformal por central,region,Biobío,93.06,0.55,3.06,235.2,0.0,6380,638
M3 conformal por central,region,Coquimbo,94.28,0.52,4.28,388.3,0.0,9192,638
M3 conformal por central,region,La Araucanía,94.46,0.6,4.46,518.0,0.0,5104,638
M3 conformal por central,region,Libertador General Bernardo O'Higgins,93.61,0.75,3.61,83.9,0.0,2356,638
M3 conformal por central,region,Los Lagos,96.16,0.6,6.16,281.2,0.0,2552,638
M3 conformal por central,region,Maule,93.5,0.79,3.5,308.0,0.0,1178,638
M3 conformal por central,region,Metropolitana de Santiago,96.75,0.45,6.75,458.4,0.0,2484,638
M3 conformal por central,region,Tarapacá,90.16,0.67,0.16,407.8,0.0,3852,638
M3 conformal por central,region,Valparaíso,97.1,0.45,7.1,862.4,0.0,1451,638
M3 conformal por central,evento,alto (decil sup.),92.19,0.64,2.19,895.6,0.0,30831,254
M3 conformal por central,evento,resto,92.77,0.48,2.77,466.6,0.0,47037,384
"ACI (g=0.02), referencia",tecnologia,Eólica,90.26,0.49,0.26,379.1,0.0,33093,638
"ACI (g=0.02), referencia",tecnologia,Solar,90.25,0.48,0.25,677.6,0.0,44775,638
"ACI (g=0.02), referencia",tamano de central,pequena,91.44,0.42,1.44,201.8,0.0,25348,638
"ACI (g=0.02), referencia",tamano de central,mediana,90.89,0.45,0.89,544.4,0.0,25273,638
"ACI (g=0.02), referencia",tamano de central,grande,88.54,0.53,-1.46,881.4,0.0,27247,638
"ACI (g=0.02), referencia",region,Antofagasta,92.42,0.49,2.42,853.1,0.0,26926,638
"ACI (g=0.02), referencia",region,Arica y Parinacota,94.51,0.9,4.51,937.6,0.0,638,638
"ACI (g=0.02), referencia",region,Atacama,87.91,0.59,-2.09,700.0,0.0,15755,638
"ACI (g=0.02), referencia",region,Biobío,85.34,0.82,-4.66,122.0,0.0,6380,638
"ACI (g=0.02), referencia",region,Coquimbo,90.76,0.68,0.76,285.7,0.0,9192,638
"ACI (g=0.02), referencia",region,La Araucanía,87.81,0.91,-2.19,255.0,0.0,5104,638
"ACI (g=0.02), referencia",region,Libertador General Bernardo O'Higgins,91.5,0.86,1.5,62.8,0.0,2356,638
"ACI (g=0.02), referencia",region,Los Lagos,91.69,0.87,1.69,169.2,0.0,2552,638
"ACI (g=0.02), referencia",region,Maule,91.38,0.92,1.38,271.6,0.0,1178,638
"ACI (g=0.02), referencia",region,Metropolitana de Santiago,92.66,0.63,2.66,248.1,0.0,2484,638
"ACI (g=0.02), referencia",region,Tarapacá,89.26,0.68,-0.74,373.3,0.0,3852,638
"ACI (g=0.02), referencia",region,Valparaíso,93.52,0.71,3.52,435.8,0.0,1451,638
"ACI (g=0.02), referencia",evento,alto (decil sup.),88.32,0.75,-1.68,708.3,0.0,30831,254
"ACI (g=0.02), referencia",evento,resto,91.52,0.51,1.52,447.5,0.0,47037,384
"Transporte+ACI (g=0.05), referencia",tecnologia,Eólica,90.28,0.5,0.28,397.8,6.02,33093,638
"Transporte+ACI (g=0.05), referencia",tecnologia,Solar,89.92,0.48,-0.08,738.2,6.13,44775,638
"Transporte+ACI (g=0.05), referencia",tamano de central,pequena,91.41,0.41,1.41,220.4,6.15,25348,638
"Transporte+ACI (g=0.05), referencia",tamano de central,mediana,90.55,0.46,0.55,586.0,6.02,25273,638
"Transporte+ACI (g=0.05), referencia",tamano de central,grande,88.36,0.53,-1.64,947.0,6.07,27247,638
"Transporte+ACI (g=0.05), referencia",region,Antofagasta,91.91,0.48,1.91,919.5,6.05,26926,638
"Transporte+ACI (g=0.05), referencia",region,Arica y Parinacota,94.83,0.88,4.83,993.9,6.11,638,638
"Transporte+ACI (g=0.05), referencia",region,Atacama,88.08,0.58,-1.92,756.2,6.11,15755,638
"Transporte+ACI (g=0.05), referencia",region,Biobío,85.2,0.83,-4.8,128.7,6.11,6380,638
"Transporte+ACI (g=0.05), referencia",region,Coquimbo,90.9,0.67,0.9,295.7,5.94,9192,638
"Transporte+ACI (g=0.05), referencia",region,La Araucanía,88.01,0.9,-1.99,272.5,6.11,5104,638
"Transporte+ACI (g=0.05), referencia",region,Libertador General Bernardo O'Higgins,91.34,0.88,1.34,65.5,6.62,2356,638
"Transporte+ACI (g=0.05), referencia",region,Los Lagos,91.61,0.87,1.61,172.4,6.11,2552,638
"Transporte+ACI (g=0.05), referencia",region,Maule,91.14,0.92,1.14,335.0,6.62,1178,638
"Transporte+ACI (g=0.05), referencia",region,Metropolitana de Santiago,91.63,0.7,1.63,264.8,6.28,2484,638
"Transporte+ACI (g=0.05), referencia",region,Tarapacá,89.23,0.66,-0.77,407.7,6.07,3852,638
"Transporte+ACI (g=0.05), referencia",region,Valparaíso,92.61,0.78,2.61,513.0,5.38,1451,638
"Transporte+ACI (g=0.05), referencia",evento,alto (decil sup.),86.72,0.74,-3.28,684.0,0.77,30831,254
"Transporte+ACI (g=0.05), referencia",evento,resto,92.28,0.5,2.28,528.3,9.56,47037,384
