doi,titulo,autores,n_autores,revista,anio,citas,tipo,editorial,tema,consulta
10.1109/access.2019.2913704,Dynamic Thermal Analysis of High-Voltage Power Cable Insulation for Cable Dynamic Thermal Rating,"Wang, Peng-Yu; Ma, Hui; Liu, Gang; Han, Zhuo-Zhan; Guo, De-Ming; Xu, Tao; Kang, Long-Yun",7,IEEE Access,2019,61,journal-article,Institute of Electrical and Electronics Engineers (IEEE),capacidad_de_red_y_ampacidad,cable ampacity thermal rating underground power cable
10.1109/tpas.1983.317795,Dynamic Thermal Line Ratings Part I Dynamic Ampacity Rating Algorithm,"Foss, Stephen; Lin, Sheng; Fernandes, Roosevelt",3,IEEE Transactions on Power Apparatus and Systems,1983,60,journal-article,Institute of Electrical and Electronics Engineers (IEEE),capacidad_de_red_y_ampacidad,dynamic thermal rating overhead line ampacity
10.1109/tpwrd.2012.2234940,An Application of Dynamic Thermal Line Rating Control System to Up-Rate the Ampacity of Overhead Transmission Lines,"Kim, S. D.; Morcos, M. M.",2,IEEE Transactions on Power Delivery,2013,53,journal-article,Institute of Electrical and Electronics Engineers (IEEE),capacidad_de_red_y_ampacidad,dynamic thermal rating overhead line ampacity
10.1016/j.apenergy.2023.121199,Leveraging the existing German transmission grid with dynamic line rating,"Glaum, Philipp; Hofmann, Fabian",2,Applied Energy,2023,36,journal-article,Elsevier BV,capacidad_de_red_y_ampacidad,dynamic line rating transmission capacity
10.1016/j.epsr.2015.11.005,Analysis of underground cable ampacity considering non-uniform soil temperature distributions,"Maximov, S.; Venegas, V.; Guardado, J.L.; Moreno, E.L.; López, R.",5,Electric Power Systems Research,2016,35,journal-article,Elsevier BV,capacidad_de_red_y_ampacidad,cable ampacity thermal rating underground power cable
10.1016/j.energy.2021.120803,The effect of soil thermal conductivity and cable ampacity on the thermal performance and material costs of underground transmission line,"Ocłoń, Paweł",1,Energy,2021,32,journal-article,Elsevier BV,capacidad_de_red_y_ampacidad,cable ampacity thermal rating underground power cable
10.1109/tia.2025.3529824,Short-Term Transmission Capacity Prediction of Hybrid Renewable Energy Systems Considering Dynamic Line Rating Based on Data-Driven Model,"Su, Yi; Tan, Mao; Teh, Jiashen",3,IEEE Transactions on Industry Applications,2025,29,journal-article,Institute of Electrical and Electronics Engineers (IEEE),capacidad_de_red_y_ampacidad,dynamic line rating transmission capacity
10.1109/access.2021.3086866,Fuzzy Dynamic Thermal Rating System-Based SIPS for Enhancing Transmission Line Security,"Metwaly, Mohamed K.; Teh, Jiashen",2,IEEE Access,2021,29,journal-article,Institute of Electrical and Electronics Engineers (IEEE),capacidad_de_red_y_ampacidad,dynamic line rating transmission capacity
10.1016/j.epsr.2019.106125,Application of dynamic thermal rating: Overhead line critical spans identification under weather dependent optimized sensor placement,"Talpur, Saifal; Lie, T.T.; Zamora, R.",3,Electric Power Systems Research,2020,20,journal-article,Elsevier BV,capacidad_de_red_y_ampacidad,dynamic thermal rating overhead line ampacity
10.1016/j.ijthermalsci.2018.08.012,Modelling the thermal effect of solar radiation on the ampacity of a low voltage underground cable,"Klimenta, Dardan; Perović, Bojan; Klimenta, Jelena; Jevtić, Milena; Milovanović, Miloš; Krstić, Ivan",6,International Journal of Thermal Sciences,2018,19,journal-article,Elsevier BV,capacidad_de_red_y_ampacidad,cable ampacity thermal rating underground power cable
10.1109/tpwrd.1987.4308067,Generalized Coefficients of External Thermal Resistance for Ampacity Evaluation of Underground Multiple Cable Systems,"Tarasiewlcz, E.; El-Kady, M. A.; Anders, G. J.",3,IEEE Transactions on Power Delivery,1987,17,journal-article,Institute of Electrical and Electronics Engineers (IEEE),capacidad_de_red_y_ampacidad,cable ampacity thermal rating underground power cable
10.3390/en15010134,Enhancing PV Hosting Capacity Using Voltage Control and Employing Dynamic Line Rating,"Karunarathne, Eshan; Wijethunge, Akila; Ekanayake, Janaka",3,Energies,2021,15,journal-article,MDPI AG,capacidad_de_red_y_ampacidad,dynamic line rating transmission capacity
10.1016/j.epsr.2023.109350,Day-ahead dynamic thermal line rating forecasting and power transmission capacity calculation based on ForecastNet,"Gao, Zhengnan; Hu, Shubo; Sun, Hui; Wang, Zhonghui; Liu, Songnan; Yang, Fan",6,Electric Power Systems Research,2023,11,journal-article,Elsevier BV,capacidad_de_red_y_ampacidad,dynamic line rating transmission capacity
10.3390/en18071822,Overload Risk Assessment of Transmission Lines Considering Dynamic Line Rating,"Li, Jieling; Lin, Jinming; Han, Yu; Zhu, Lingzi; Chang, Dongxu; Shao, Changzheng",6,Energies,2025,7,journal-article,MDPI AG,capacidad_de_red_y_ampacidad,dynamic line rating transmission capacity
10.11591/ijape.v8.i3.pp257-264,Utilization of the finite element method for the calculation and examination of underground power cable ampacity,"Hadi, Mahmood Khalid",1,International Journal of Applied Power Engineering (IJAPE),2019,7,journal-article,Institute of Advanced Engineering and Science,capacidad_de_red_y_ampacidad,cable ampacity thermal rating underground power cable
10.1109/mias.2015.2459110,The Heat and Buried Cable Conundrum: A Method to Help Determine Underground Cable Ampacity,"Malmedal, Keith; Bates, Carson; Cain, David K.",3,IEEE Industry Applications Magazine,2016,7,journal-article,Institute of Electrical and Electronics Engineers (IEEE),capacidad_de_red_y_ampacidad,cable ampacity thermal rating underground power cable
10.1049/gtd2.12448,Increasing the ampacity of underground cable lines by optimising the thermal environment and design parameters for cable crossings,"Perović, Bojan; Klimenta, Dardan; Tasić, Dragan; Raičević, Nebojša; Milovanović, Miloš; Tomović, Milan; Vukašinović, Jovan",7,"IET Generation, Transmission &amp; Distribution",2022,7,journal-article,Institution of Engineering and Technology (IET),capacidad_de_red_y_ampacidad,cable ampacity thermal rating underground power cable
10.1016/j.epsr.2024.110931,Improvement of transmission line ampacity utilization via machine learning-based dynamic line rating prediction,"Fernandez Martinez, Roberto; Alberdi, Rafael; Fernandez, Elvira; Albizu, Igor; Bedialauneta, Miren Terese",5,Electric Power Systems Research,2024,6,journal-article,Elsevier BV,capacidad_de_red_y_ampacidad,dynamic thermal rating overhead line ampacity
10.1061/(asce)ey.1943-7897.0000769,"Linearized Generation-Expansion Planning Considering Transmission Planning, Switching, and Dynamic-Line Rating","Jabarnejad, Masood",1,Journal of Energy Engineering,2021,4,journal-article,American Society of Civil Engineers (ASCE),capacidad_de_red_y_ampacidad,dynamic line rating transmission capacity
10.1109/tia.2015.2483707,On The Use Of The Law Of Times In Calculating Soil Thermal Stability And Underground Cable Ampacity,"Malmedal, Keith; Bates, Carson; Cain, David",3,IEEE Transactions on Industry Applications,2015,4,journal-article,Institute of Electrical and Electronics Engineers (IEEE),capacidad_de_red_y_ampacidad,cable ampacity thermal rating underground power cable
10.24084/repqj14.450,A comparison of mechanical and ultrasonic  anemometers for ampacity thermal rating in overhead lines,A. Laso; M. Mañana; A. Arroyo; A. González; R. Lecuna,5,RE&amp;PQJ,2024,3,journal-article,Cultech Publishing Sdn. Bhd.,capacidad_de_red_y_ampacidad,dynamic thermal rating overhead line ampacity
10.1109/mper.1987.5527295,Generalized Coefficients of External Thermal Resistance for Ampacity Evaluation of Underground Multiple Cable Systems,"Tarasiewicz, E.; El-Kady, M. A.; Anders, G. J.",3,IEEE Power Engineering Review,1987,3,journal-article,Institute of Electrical and Electronics Engineers (IEEE),capacidad_de_red_y_ampacidad,cable ampacity thermal rating underground power cable
10.3390/app151810210,Numerical Assessment of Thermal Effects in Bundled Overhead Conductors for Dynamic Line Rating,"Zia, Ziauddin; Kumru, Celal Fadil",2,Applied Sciences,2025,2,journal-article,MDPI AG,capacidad_de_red_y_ampacidad,dynamic thermal rating overhead line ampacity
10.1049/icp.2021.2627,How to use grid capacity from dynamic line rating for effective integration of renewables,"Kuwahata, R.",1,IET Conference Proceedings,2022,1,journal-article,Institution of Engineering and Technology (IET),capacidad_de_red_y_ampacidad,dynamic line rating transmission capacity
10.4038/engineer.v53i3.7420,Real-Time Dynamic Thermal Rating Method to Uprate the Ampacity of Overhead Transmission Lines: A Case Study,"Rodrigo, Asanka S.; Rishanthi, S.",2,"Engineer: Journal of the Institution of Engineers, Sri Lanka",2020,1,journal-article,Sri Lanka Journals Online (JOL),capacidad_de_red_y_ampacidad,dynamic thermal rating overhead line ampacity
10.1109/ee.1943.6435857,Thermal rating of overhead line wire,"Zucker, Myron",1,Electrical Engineering,1943,1,journal-article,Institute of Electrical and Electronics Engineers (IEEE),capacidad_de_red_y_ampacidad,dynamic thermal rating overhead line ampacity
10.5152/electrica.2025.25109,Assessing Ampacity Performance Through Dynamic Line Rating:  A Comparison of IEEE Std 738 and CIGRÉ TB 601,"Zia, Ziauddin; Kumru, Celal Fadil",2,ELECTRICA,2025,1,journal-article,AVES YAYINCILIK A.Ş.,capacidad_de_red_y_ampacidad,dynamic thermal rating overhead line ampacity
10.15199/48.2024.01.03,An Analysis of the Ampacity and Capital Costs for Underground  High Voltage Power Cable Construction Methods,"Ratchapan, Ritthichai",1,PRZEGLĄD ELEKTROTECHNICZNY,2024,1,journal-article,"Wydawnictwo SIGMA-NOT, sp. z.o.o.",capacidad_de_red_y_ampacidad,cable ampacity thermal rating underground power cable
10.5455/jjee.204-1761025349,Enhancing Transmission Capacity through Dynamic Thermal Rating: Evidence from a transmission line in North-Central Nigeria,"Abdullateef, Ibrahim; Jimada-ojuolape, Bilkisu; Adesina, Lambe; Musa, Abdulwaheed; Ogunbiyi, Olalekan; Balogun, Monsurat",6,Jordan Journal of Electrical Engineering,2026,0,journal-article,ScopeMed,capacidad_de_red_y_ampacidad,dynamic line rating transmission capacity
10.1049/icp.2024.2350,Transmission line dynamic thermal rating capacity enhancement for utility-scale renewable integrated grid considering the dust effects,"Wei, Yawei; Lu, Guangming; Ma, Jun; Wang, Lichun; Zhang, Shuang",5,IET Conference Proceedings,2025,0,journal-article,Institution of Engineering and Technology (IET),capacidad_de_red_y_ampacidad,dynamic line rating transmission capacity
10.4028/www.scientific.net/amr.986-987.239,Analysis on Capacity of Transmission Line Based on Thermal Rating,"Yang, Bo; Wu, Kui Hua; Wang, Yi Qun; Yang, Shen Quan",4,Advanced Materials Research,2014,0,journal-article,"Trans Tech Publications, Ltd.",capacidad_de_red_y_ampacidad,dynamic line rating transmission capacity
10.1016/j.epsr.2026.114012,Branch level dynamic line rating with PV hosting capacity in branched transmission corridors under heterogeneous weather conditions,"Minh, Nguyen Quoc; Hoang, Pham Minh; Anh, Tran Hoang; Minh, Do Hoang; Phuong, Truong Cong; Van Truong, Duong",6,Electric Power Systems Research,2027,0,journal-article,Elsevier BV,capacidad_de_red_y_ampacidad,dynamic line rating transmission capacity
10.1109/mper.1983.5518924,"Dynamic Thermal Line Ratings, Part I - Dynamic Ampacity Rating Algorithm","Foss, Stephen D.; Lin, Sheng H.; Fernandes, Roosevelt A.",3,IEEE Power Engineering Review,1983,0,journal-article,Institute of Electrical and Electronics Engineers (IEEE),capacidad_de_red_y_ampacidad,dynamic thermal rating overhead line ampacity
10.1088/2631-8695/ae3ce1,An IEEE 738-based investigation on thermal behaviour of overhead ACSR conductors for dynamic line rating,"M L, Dhanesh; C H, Ram Jethmalani",2,Engineering Research Express,2026,0,journal-article,IOP Publishing,capacidad_de_red_y_ampacidad,dynamic thermal rating overhead line ampacity
10.1109/mper.1984.5525486,Ampacity of Cable in Covered Tray,"Engmann, Gary",1,IEEE Power Engineering Review,1984,0,journal-article,Institute of Electrical and Electronics Engineers (IEEE),capacidad_de_red_y_ampacidad,cable ampacity thermal rating underground power cable
10.1016/j.enpol.2017.10.037,Renewable energy curtailment: A case study on today's and tomorrow's congestion management,"Schermeyer, Hans; Vergara, Claudio; Fichtner, Wolf",3,Energy Policy,2018,118,journal-article,Elsevier BV,congestion_de_transmision,transmission congestion management renewable curtailment
10.1109/tpwrs.2014.2362922,Wind Power Curtailment and Energy Storage in Transmission Congestion Management Considering Power Plants Ramp Rates,"Vargas, Luis S.; Bustos-Turu, Gonzalo; Larrain, Felipe",3,IEEE Transactions on Power Systems,2015,113,journal-article,Institute of Electrical and Electronics Engineers (IEEE),congestion_de_transmision,transmission congestion management renewable curtailment
10.1109/access.2019.2903210,Congestion Management Method of Low-Voltage Active Distribution Networks Based on Distribution Locational Marginal Price,"Zhao, Jinli; Wang, Yushuo; Song, Guanyu; Li, Peng; Wang, Chengshan; Wu, Jianzhong",6,IEEE Access,2019,69,journal-article,Institute of Electrical and Electronics Engineers (IEEE),congestion_de_transmision,locational marginal price congestion renewable
10.1016/j.apenergy.2019.114103,Distribution locational marginal price-based transactive day-ahead market with variable renewable generation,"Faqiry, M. Nazif; Edmonds, Lawryn; Wu, Hongyu; Pahwa, Anil",4,Applied Energy,2020,50,journal-article,Elsevier BV,congestion_de_transmision,locational marginal price congestion renewable
10.1016/j.renene.2020.01.059,"Curtailment analysis for the Nordic power system considering transmission capacity, inertia limits and generation flexibility","Nycander, Elis; Söder, Lennart; Olauson, Jon; Eriksson, Robert",4,Renewable Energy,2020,49,journal-article,Elsevier BV,congestion_de_transmision,transmission congestion management renewable curtailment
10.1007/s00202-020-00974-z,Calculating the locational marginal price and solving optimal power flow problem based on congestion management using GA-GSF algorithm,"Dashtdar, Masoud; Najafi, Mojtaba; Esmaeilbeig, Mostafa",3,Electrical Engineering,2020,41,journal-article,Springer Science and Business Media LLC,congestion_de_transmision,locational marginal price congestion renewable
10.1016/j.apenergy.2020.116064,Characteristics of locational uncertainty marginal price for correlated uncertainties of variable renewable generation and demands,"Fang, Xin; Cui, Hantao; Du, Ershun; Li, Fangxing; Kang, Chongqing",5,Applied Energy,2021,25,journal-article,Elsevier BV,congestion_de_transmision,locational marginal price congestion renewable
10.1049/iet-gtd.2019.0992,Optimised curtailment of distributed generators for the provision of congestion management services considering discrete controllability,"Liere‐Netheler, Ingo; Schuldt, Frank; von Maydell, Karsten; Agert, Carsten",4,"IET Generation, Transmission &amp; Distribution",2020,22,journal-article,Institution of Engineering and Technology (IET),congestion_de_transmision,transmission congestion management renewable curtailment
10.1007/s11708-016-0404-z,An approach to locational marginal price based zonal congestion management in deregulated electricity market,"Sarwar, Md; Siddiqui, Anwar Shahzad",2,Frontiers in Energy,2016,17,journal-article,Springer Science and Business Media LLC,congestion_de_transmision,locational marginal price congestion renewable
10.1109/access.2019.2939366,Continuous-Time Locational Marginal Price of Electricity,"Khatami, Roohallah; Parvania, Masood",2,IEEE Access,2019,15,journal-article,Institute of Electrical and Electronics Engineers (IEEE),congestion_de_transmision,locational marginal price congestion renewable
10.1109/access.2022.3204803,A Deep Neural Network-Based Optimal Power Flow Approach for Identifying Network Congestion and Renewable Energy Generation Curtailment,"Zafar, Rehman; Vu, Ba Hau; Chung, Il-Yop",3,IEEE Access,2022,11,journal-article,Institute of Electrical and Electronics Engineers (IEEE),congestion_de_transmision,transmission congestion management renewable curtailment
10.1016/j.renene.2007.09.016,High value wind: A method to explore the relationship between wind speed and electricity locational marginal price,"Lewis, Geoffrey McD.",1,Renewable Energy,2008,10,journal-article,Elsevier BV,congestion_de_transmision,locational marginal price congestion renewable
10.1002/tee.20308,Multicriteria transmission congestion management by load curtailment and generation redispatch in a deregulated power system,"Mohd Isa, Aishah; Niimura, Takahide; Yokoyama, Ryuichi",3,IEEJ Transactions on Electrical and Electronic Engineering,2008,5,journal-article,Wiley,congestion_de_transmision,transmission congestion management renewable curtailment
10.2202/1553-779x.1357,Sensitivity Based Approach for Transmission Congestion Management Utilizing Bids for Generation Rescheduling and Load Curtailment,"Singh, Himanshu Kumar; Srivastava, S.C.; Sharma, Ashwani Kumar",3,International Journal of Emerging Electric Power Systems,2006,4,journal-article,Walter de Gruyter GmbH,congestion_de_transmision,transmission congestion management renewable curtailment
10.1002/tee.23677,Congestion Management in Power System Using Locational Marginal Price in Balancing Power Market,"Ba, Djibeyrou; Tsuji, Takao",2,IEEJ Transactions on Electrical and Electronic Engineering,2022,3,journal-article,Wiley,congestion_de_transmision,locational marginal price congestion renewable
10.1063/5.0085911,Research on generalized locational marginal price of integrated electricity–heat–gas market considering integrated demand response,"Lv, Jun; Jiang, Yuewen",2,Journal of Renewable and Sustainable Energy,2022,2,journal-article,AIP Publishing,congestion_de_transmision,locational marginal price congestion renewable
10.2139/ssrn.3495488,Locational Marginal Network Tariffs for Intermittent Renewable Generation,"Tangerås, Thomas; Wolak, Frank A.",2,SSRN Electronic Journal,2019,1,journal-article,Elsevier BV,congestion_de_transmision,locational marginal price congestion renewable
10.1007/s40998-026-01202-3,Wavelet-Enhanced Risk-Aware Optimal Power Flow for Congestion and Curtailment Management in Renewable-Integrated Smart Grids,"Shah, Aamer A.; Wang, Shu C.; Liu, Gai; Hassan, Rizwan U.; Nawaz, Aamir",5,"Iranian Journal of Science and Technology, Transactions of Electrical Engineering",2026,0,journal-article,Springer Science and Business Media LLC,congestion_de_transmision,transmission congestion management renewable curtailment
10.1109/tcst.2026.3692716,"Power Congestion Management of Subtransmission Areas Using Partial Renewable Power Curtailment: Modeling, Control, and Open-Source Software","Ganet-Lepage, Guillaume; Iovine, Alessio; Olaru, Sorin; Giraud, Guillaume; Panciatici, Patrick; Ruiz, Manuel; Saludjian, Lucas",7,IEEE Transactions on Control Systems Technology,2026,0,journal-article,Institute of Electrical and Electronics Engineers (IEEE),congestion_de_transmision,transmission congestion management renewable curtailment
10.3390/sym18030547,Node Symmetry Analysis as an Early Indicator of Locational Marginal Price Growth in Network-Constrained Power Systems with High Renewable Penetration,"Zicmane, Inga; Kovalenko, Sergejs; Sahnovskis, Aleksandrs; Petrichenko, Roman; Junghans, Gatis",5,Symmetry,2026,0,journal-article,MDPI AG,congestion_de_transmision,locational marginal price congestion renewable
10.1109/tpwrs.2020.3001919,Data-Driven Optimal Power Flow: A Physics-Informed Machine Learning Approach,"Lei, Xingyu; Yang, Zhifang; Yu, Juan; Zhao, Junbo; Gao, Qian; Yu, Hongxin",6,IEEE Transactions on Power Systems,2021,168,journal-article,Institute of Electrical and Electronics Engineers (IEEE),modelado_hibrido_fisico_datos,physics informed machine learning power systems
10.1016/j.energy.2022.124384,Point and interval forecasting of ultra-short-term wind power based on a data-driven method and hybrid deep learning model,"Niu, Dongxiao; Sun, Lijie; Yu, Min; Wang, Keke",4,Energy,2022,153,journal-article,Elsevier BV,modelado_hibrido_fisico_datos,hybrid physics data driven model energy forecasting
10.1016/j.energy.2020.117948,A hybrid data mining driven algorithm for long term electric peak load and energy demand forecasting,"Kazemzadeh, Mohammad-Rasool; Amjadian, Ali; Amraee, Turaj",3,Energy,2020,135,journal-article,Elsevier BV,modelado_hibrido_fisico_datos,hybrid physics data driven model energy forecasting
10.1016/j.enconman.2025.119542,Physics-Informed machine learning for solar-thermal power systems,"Osorio, Julian D.; Florio, Mario De; Hovsapian, Rob; Chryssostomidis, Chrys; Karniadakis, George Em",5,Energy Conversion and Management,2025,32,journal-article,Elsevier BV,modelado_hibrido_fisico_datos,physics informed machine learning power systems
10.3390/su14042051,Application of Physics-Informed Machine Learning Techniques for Power Grid Parameter Estimation,"Lakshminarayana, Subhash; Sthapit, Saurav; Maple, Carsten",3,Sustainability,2022,29,journal-article,MDPI AG,modelado_hibrido_fisico_datos,physics informed machine learning power systems
10.1016/j.apenergy.2024.123375,A hybrid physics-based and data-driven model for intra-day and day-ahead wind power forecasting considering a drastically expanded predictor search space,"Kirchner-Bossi, Nicolas; Kathari, Gabriel; Porté-Agel, Fernando",3,Applied Energy,2024,29,journal-article,Elsevier BV,modelado_hibrido_fisico_datos,hybrid physics data driven model energy forecasting
10.1103/prxenergy.2.043003,Physics-Informed Machine Learning for Power Grid Frequency Modeling,"Kruse, Johannes; Cramer, Eike; Schäfer, Benjamin; Witthaut, Dirk",4,PRX Energy,2023,27,journal-article,American Physical Society (APS),modelado_hibrido_fisico_datos,physics informed machine learning power systems
10.1016/j.energy.2024.133309,Hybrid model for robust and accurate forecasting building electricity demand combining physical and data-driven methods,"Dong, Xianzhou; Guo, Weiyong; Zhou, Cheng; Luo, Yongqiang; Tian, Zhiyong; Zhang, Limao; Wu, Xiaoying; Liu, Baobing",8,Energy,2024,25,journal-article,Elsevier BV,modelado_hibrido_fisico_datos,hybrid physics data driven model energy forecasting
10.1016/j.epsr.2022.108362,Physics-informed geometric deep learning for inference tasks in power systems,"de Jongh, Steven; Gielnik, Frederik; Mueller, Felicitas; Schmit, Loris; Suriyah, Michael; Leibfried, Thomas",6,Electric Power Systems Research,2022,24,journal-article,Elsevier BV,modelado_hibrido_fisico_datos,physics informed machine learning power systems
10.1016/j.renene.2024.121258,Advanced feature engineering in microgrid PV forecasting: A fast computing and data-driven hybrid modeling framework,"Habib, Md. Ahasan; Hossain, M.J.",2,Renewable Energy,2024,18,journal-article,Elsevier BV,modelado_hibrido_fisico_datos,hybrid physics data driven model energy forecasting
10.1016/j.ijepes.2023.109741,Physics-informed machine learning with optimization-based guarantees: Applications to AC power flow,"Jalving, Jordan; Eydenberg, Michael; Blakely, Logan; Castillo, Anya; Kilwein, Zachary; Skolfield, J. Kyle; Boukouvala, Fani; Laird, Carl",8,International Journal of Electrical Power &amp; Energy Systems,2024,15,journal-article,Elsevier BV,modelado_hibrido_fisico_datos,physics informed machine learning power systems
10.1016/j.egyr.2025.08.034,Addressing photovoltaic (PV) forecasting challenges: Satellite-driven data models for predicting actual PV generation using hybrid (LSTM-GRU) model,"Negash, Teklebrhan; Weldemikael, Nahom; Ghebregziabiher, Merhawi; Tedla, Yemane; István, Seres; István, Farkas",6,Energy Reports,2025,10,journal-article,Elsevier BV,modelado_hibrido_fisico_datos,hybrid physics data driven model energy forecasting
10.1109/tpwrs.2024.3405543,Physics-Informed Learning Based Wind Farm Two-Machine Aggregation Model for Large-Scale Power System Stability Studies,"Wang, Hongyi; Yang, Zhe; Kang, Wenfa; Sun, Pingyang; Konstantinou, Georgios; Chen, Zhe",6,IEEE Transactions on Power Systems,2025,7,journal-article,Institute of Electrical and Electronics Engineers (IEEE),modelado_hibrido_fisico_datos,physics informed machine learning power systems
10.1016/j.prime.2024.100549,Hybrid emerging model predictive data-driven forecasting of three-phase electrical signals of photovoltaic systems using GBR-LSTM,"Safari, Ashkan",1,"e-Prime - Advances in Electrical Engineering, Electronics and Energy",2024,7,journal-article,Elsevier BV,modelado_hibrido_fisico_datos,hybrid physics data driven model energy forecasting
10.1016/j.epsr.2024.111097,Physics-informed machine learning for forecasting power exchanges at the interface between transmission and distribution systems,"Rosseel, Arnaud; Bakhshideh Zad, Bashir; Vallée, François; De Grève, Zacharie",4,Electric Power Systems Research,2025,6,journal-article,Elsevier BV,modelado_hibrido_fisico_datos,physics informed machine learning power systems
10.1016/j.apenergy.2025.126429,A hybrid approach involving data driven forecasting and super twisting control action for low-carbon microgrids,"Ali, Naghmash; Shen, Xinwei; Armghan, Hammad",3,Applied Energy,2025,5,journal-article,Elsevier BV,modelado_hibrido_fisico_datos,hybrid physics data driven model energy forecasting
10.1063/5.0245781,A hybrid physics and data-driven framework for ultra-short-term wind power forecasting with spatiotemporal learning,"Hou, Jianmin; Yan, Zhuang; Meng, Ying",3,Journal of Renewable and Sustainable Energy,2025,4,journal-article,AIP Publishing,modelado_hibrido_fisico_datos,hybrid physics data driven model energy forecasting
10.1016/j.energy.2026.141163,Weekly periodicity feature-driven CNN-GRU and LightGBM hybrid model for short-term multi-step building load forecasting,"Wang, Zhongrui; Chen, Liang; Wang, Chunbo",3,Energy,2026,3,journal-article,Elsevier BV,modelado_hibrido_fisico_datos,hybrid physics data driven model energy forecasting
10.1016/j.egyr.2025.108953,Short-term data center load forecasting method based on data-physics hybrid driven framework,"Zhao, Ziwei; Liang, Chen; Zhang, Yilin; Zhu, Liu; Wang, Xiaoying; Tang, Junjie",6,Energy Reports,2026,2,journal-article,Elsevier BV,modelado_hibrido_fisico_datos,hybrid physics data driven model energy forecasting
10.1016/j.energy.2025.137636,Mixed-frequency data-driven forecasting of thermal coal price: A novel hybrid model,"Wang, Hui; Zhang, Yiyi; Zhang, Yi; Wang, Jilong; Xie, Yuzhi; Luo, Shen",6,Energy,2025,2,journal-article,Elsevier BV,modelado_hibrido_fisico_datos,hybrid physics data driven model energy forecasting
10.1016/j.epsr.2026.113674,Automated and robust system discovery in power systems assets using physics-informed machine learning,"Chakravorty, Jhelum; Ripamonti, Nicolò; Laneryd, Tor",3,Electric Power Systems Research,2027,1,journal-article,Elsevier BV,modelado_hibrido_fisico_datos,physics informed machine learning power systems
10.1016/j.epsr.2026.113906,A systematic review of physics-informed machine learning for resilient microgrid control and dynamics,"Messlem, Abdelkader; Messlem, Youcef",2,Electric Power Systems Research,2027,0,journal-article,Elsevier BV,modelado_hibrido_fisico_datos,physics informed machine learning power systems
10.3390/app16167969,A Physics-Informed Machine Learning Framework for Adaptive Harmonic Mitigation in Residential Power Systems,"Kamaraj, Sudha; Kailasam, Muthumeenakshi; Subramanian, Dhanasekaran",3,Applied Sciences,2026,0,journal-article,MDPI AG,modelado_hibrido_fisico_datos,physics informed machine learning power systems
10.1016/j.epsr.2026.113379,Inertia Assessment Method for New Power Systems Based on Physics-Informed Reinforcement Learning,"Zhao, Yijie; Shi, Linjun; Wu, Feng; Wu, Chenyu; Lin, Keman",5,Electric Power Systems Research,2026,0,journal-article,Elsevier BV,modelado_hibrido_fisico_datos,physics informed machine learning power systems
10.1016/j.renene.2012.12.036,"Energy dispatch schedule optimization and cost benefit analysis for grid-connected, photovoltaic-battery storage systems","Nottrott, A.; Kleissl, J.; Washom, B.",3,Renewable Energy,2013,292,journal-article,Elsevier BV,operacion_de_almacenamiento,grid scale battery storage dispatch optimisation
10.1016/s0960-1481(98)00796-4,Optimal sizing of battery storage for hybrid (wind+diesel) power systems,"Elhadidy, M.a; Shaahid, S.M",2,Renewable Energy,1999,125,journal-article,Elsevier BV,operacion_de_almacenamiento,energy storage sizing renewable integration
10.1016/j.est.2020.102158,"Optimal location, selection, and operation of battery energy storage systems and renewable distributed generation in medium–low voltage distribution networks","Valencia, Alejandro; Hincapie, Ricardo A.; Gallego, Ramón A.",3,Journal of Energy Storage,2021,115,journal-article,Elsevier BV,operacion_de_almacenamiento,battery energy storage operation renewable curtailment
10.1016/j.est.2022.105644,"Efficient operation of battery energy storage systems, electric-vehicle charging stations and renewable energy sources linked to distribution systems","Eid, Ahmad; Mohammed, Osama; El-Kishky, Hassan",3,Journal of Energy Storage,2022,110,journal-article,Elsevier BV,operacion_de_almacenamiento,battery energy storage operation renewable curtailment
10.1016/j.renene.2021.03.122,Impact of demand side management on optimal sizing of residential battery energy storage system,"Mulleriyawage, U.G.K.; Shen, W.X.",2,Renewable Energy,2021,82,journal-article,Elsevier BV,operacion_de_almacenamiento,energy storage sizing renewable integration
10.1016/j.energy.2019.04.108,Analysis of operation cost and wind curtailment using multi-objective unit commitment with battery energy storage,"Wang, Bo; Zhou, Min; Xin, Bo; Zhao, Xin; Watada, Junzo",5,Energy,2019,59,journal-article,Elsevier BV,operacion_de_almacenamiento,battery energy storage operation renewable curtailment
10.1016/j.est.2023.106950,Resilient operation of the renewable energy and battery energy storages based smart distribution grid considering physical-cyber-attacks,"Ghanbari-Ghalehjoughi, Mohsen; Taghizad-Tavana, Kamran; Nojavan, Sayyad",3,Journal of Energy Storage,2023,56,journal-article,Elsevier BV,operacion_de_almacenamiento,battery energy storage operation renewable curtailment
10.1109/tsg.2016.2606560,Probabilistic Dispatch of Remote Hybrid Microgrids Including Battery Storage and Load Management,"Battistelli, Claudia; Agalgaonkar, Yashodhan P.; Pal, Bikash C.",3,IEEE Transactions on Smart Grid,2017,54,journal-article,Institute of Electrical and Electronics Engineers (IEEE),operacion_de_almacenamiento,grid scale battery storage dispatch optimisation
10.1016/j.rser.2023.113696,Real-world data analysis of distributed PV and battery energy storage system curtailment in low voltage networks,"Yildiz, Baran; Stringer, Naomi; Klymenko, Timothy; Syahman Samhan, Muhammad; Abramowitz, Greg; Bruce, Anna; MacGill, Iain; Egan, Renate",9,Renewable and Sustainable Energy Reviews,2023,42,journal-article,Elsevier BV,operacion_de_almacenamiento,battery energy storage operation renewable curtailment
10.1016/j.renene.2015.04.010,More accurate sizing of renewable energy sources under high levels of electric vehicle integration,"Atia, Raji; Yamada, Noboru",2,Renewable Energy,2015,41,journal-article,Elsevier BV,operacion_de_almacenamiento,energy storage sizing renewable integration
10.1016/j.est.2021.102641,Techno-economic optimisation of battery storage for grid-level energy services using curtailed energy from wind,"Rayit, Narinderjeet Singh; Chowdhury, Jahedul Islam; Balta-Ozkan, Nazmiye",3,Journal of Energy Storage,2021,40,journal-article,Elsevier BV,operacion_de_almacenamiento,grid scale battery storage dispatch optimisation
10.1016/j.est.2024.113688,Renewable-storage sizing approaches for centralized and distributed renewable energy—A state-of-the-art review,"Zhou, Yuekuan",1,Journal of Energy Storage,2024,36,journal-article,Elsevier BV,operacion_de_almacenamiento,energy storage sizing renewable integration
10.1016/j.est.2020.101651,Economic battery sizing and power dispatch in a grid-connected charging station using convex method,"Mirhoseini, Peiman; Ghaffarzadeh, Navid",2,Journal of Energy Storage,2020,35,journal-article,Elsevier BV,operacion_de_almacenamiento,grid scale battery storage dispatch optimisation
10.1049/stg2.12063,Optimisation methods for dispatch and control of energy storage with renewable integration,"Guo, Zhongjie; Wei, Wei; Shahidehpour, Mohammad; Wang, Zhaojian; Mei, Shengwei",5,IET Smart Grid,2022,33,journal-article,Institution of Engineering and Technology (IET),operacion_de_almacenamiento,grid scale battery storage dispatch optimisation
10.1016/j.renene.2022.07.069,Sizing of energy storage systems for ramp rate control of photovoltaic strings,"Lappalainen, Kari; Valkealahti, Seppo",2,Renewable Energy,2022,27,journal-article,Elsevier BV,operacion_de_almacenamiento,energy storage sizing renewable integration
10.1109/tsg.2023.3243021,Optimal Dispatch of Battery Energy Storage in Distribution Network Considering Electrothermal-Aging Coupling,"Li, Yinxiao; Gu, Yuxuan; He, Guannan; Chen, Qixin",4,IEEE Transactions on Smart Grid,2023,26,journal-article,Institute of Electrical and Electronics Engineers (IEEE),operacion_de_almacenamiento,grid scale battery storage dispatch optimisation
10.1016/j.est.2024.114116,A multi-objective techno-economic operation of distribution network considering reactive power support from renewable energy and battery storage system,"Gangil, Gaurav; Goyal, Sunil Kumar; Saraswat, Amit",3,Journal of Energy Storage,2024,24,journal-article,Elsevier BV,operacion_de_almacenamiento,battery energy storage operation renewable curtailment
10.1049/iet-rpg.2019.1310,Hybrid battery‐ultracapacitor storage system sizing for renewable energy network integration,"Gonzalez‐Gonzalez, Jose M.; Martin, Sebastian; Lopez, Pablo; Aguado, Jose A.",4,IET Renewable Power Generation,2020,23,journal-article,Institution of Engineering and Technology (IET),operacion_de_almacenamiento,energy storage sizing renewable integration
10.1016/j.renene.2024.122153,Economic dispatch of offshore renewable energy resources for islanded communities with optimal storage sizing,"Wyckoff, Kevin; Moazeni, Faegheh; Khazaei, Javad; Banerjee, Arindam",4,Renewable Energy,2025,11,journal-article,Elsevier BV,operacion_de_almacenamiento,energy storage sizing renewable integration
10.1016/s0960-1481(96)00118-8,New technique for short term storage sizing,"Matrawy, K.K.; Farkas, I.",2,Renewable Energy,1997,9,journal-article,Elsevier BV,operacion_de_almacenamiento,energy storage sizing renewable integration
10.1016/j.renene.2023.05.010,Impact of optimal sizing and integration of thermal energy storage in solar assisted energy systems,"Alrobaian, Abdulrahman A.",1,Renewable Energy,2023,7,journal-article,Elsevier BV,operacion_de_almacenamiento,energy storage sizing renewable integration
10.1016/j.est.2020.101443,Sizing Storage for Reliable Renewable Integration: A Large Deviations Approach,"Deulkar, Vivek; Nair, Jayakrishnan; Kulkarni, Ankur A.",3,Journal of Energy Storage,2020,6,journal-article,Elsevier BV,operacion_de_almacenamiento,energy storage sizing renewable integration
10.3390/en13205517,Distributed Battery Energy Storage Co-Operation for Renewable Energy Sources Integration,"Abdeltawab, Hussein M.; Mohamed, Yasser A. I.",2,Energies,2020,5,journal-article,MDPI AG,operacion_de_almacenamiento,battery energy storage operation renewable curtailment
10.1088/1742-6596/977/1/012005,Joint optimisation of arbitrage profits and battery life degradation for grid storage application of battery electric vehicles,"Kies, Alexander",1,Journal of Physics: Conference Series,2018,5,journal-article,IOP Publishing,operacion_de_almacenamiento,grid scale battery storage dispatch optimisation
10.1016/j.est.2024.112562,Optimal dispatch strategy of battery energy storage system in utility-scale photovoltaic integrated grid under variability,"Islam, Azazul; Jawad, Atik; Masood, Nahid-Al",3,Journal of Energy Storage,2024,3,journal-article,Elsevier BV,operacion_de_almacenamiento,grid scale battery storage dispatch optimisation
10.3390/buildings11100433,Dispatch Strategies for the Utilisation of Battery Storage Systems in Smart Grid Optimised Buildings,"Georgakarakos, Andreas; Vand, Behrang; Hathway, Elizabeth; Mayfield, Martin",4,Buildings,2021,2,journal-article,MDPI AG,operacion_de_almacenamiento,grid scale battery storage dispatch optimisation
10.7836/kses.2023.43.2.001,Operation Planing and Capacity Calculation of Energy Storage Systems Considering Curtailment of Renewable Energy,"Kim, Youngmin; Son, Beomseok; Kim, Se Ho",3,Journal of the Korean Solar Energy Society,2023,1,journal-article,The Korean Solar Energy Society,operacion_de_almacenamiento,battery energy storage operation renewable curtailment
10.1016/j.est.2026.123041,Sizing and techno-economic assessment of battery energy storage systems for renewable energy curtailment mitigation in islanded power systems: Application to Cyprus,"Chatzigeorgiou, Nikolas G.; Theocharides, Spyros; Makrides, George; Georghiou, George E.",4,Journal of Energy Storage,2026,0,journal-article,Elsevier BV,operacion_de_almacenamiento,battery energy storage operation renewable curtailment
10.52152/4567,Optimal operation of Distributed Battery Energy Storage System,R. Chaer; G. Flieller; G. Casaravilla,3,Renewable Energy and Power Quality Journal,2025,0,journal-article,Cultech Publishing Sdn. Bhd.,operacion_de_almacenamiento,battery energy storage operation renewable curtailment
10.1016/j.eneco.2026.109558,"Trading off capacity factors, location, storage, access charges and curtailment for renewable electricity","Newbery, David",1,Energy Economics,2026,0,journal-article,Elsevier BV,operacion_de_almacenamiento,battery energy storage operation renewable curtailment
10.3390/en19153584,Techno-Economic Optimisation of Wind Curtailment Utilisation with Battery Storage Dispatch to Electricity and EV Charging Markets,"Apostolou, Dimitrios; Gryparis, Emmanouil",2,Energies,2026,0,journal-article,MDPI AG,operacion_de_almacenamiento,grid scale battery storage dispatch optimisation
10.3390/esa3030013,"Cross-Class Value of Battery Energy Storage in Low-Voltage Grids: Grid Relief, Dispatch-Coupled Ageing, and Cost-Effectiveness","Zurmühlen, Sebastian; Brucksch, Jonas; Sauer, Dirk Uwe",3,Energy Storage and Applications,2026,0,journal-article,MDPI AG,operacion_de_almacenamiento,grid scale battery storage dispatch optimisation
10.61762/pajevol9iss1art008,Bi-Level Energy Dispatch Optimisation for Peak Load Shaving in Microgrids with Battery Storage,"Romlie, Mohd Fakhizan; Ali, Abid; Shafiullah, GM",3,Platform A Journal of Engineering,2025,0,journal-article,Universiti Teknologi PETRONAS,operacion_de_almacenamiento,grid scale battery storage dispatch optimisation
10.1016/j.ref.2026.100910,Energy storage and flexibility sizing for renewable integration pathways:A multi-stage techno-economic optimisation framework,"Varhegyi, Gergo; Nour, Mutasim",2,Renewable Energy Focus,2026,0,journal-article,Elsevier BV,operacion_de_almacenamiento,energy storage sizing renewable integration
10.1016/j.renene.2026.125797,A reliability-oriented energy storage sizing assessment method for PV systems based on energy decomposition,"Yuan, Xingzhi; Wei, Yanji; Yang, Hongxing",3,Renewable Energy,2026,0,journal-article,Elsevier BV,operacion_de_almacenamiento,energy storage sizing renewable integration
10.1016/j.energy.2022.123497,Conformalized temporal convolutional quantile regression networks for wind power interval forecasting,"Hu, Jianming; Luo, Qingxi; Tang, Jingwei; Heng, Jiani; Deng, Yuwen",5,Energy,2022,65,journal-article,Elsevier BV,prediccion_conforme,conformalized quantile regression
10.1109/tnnls.2022.3217694,Ensemble Conformalized Quantile Regression for Probabilistic Time Series Forecasting,"Jensen, Vilde; Bianchi, Filippo Maria; Anfinsen, Stian Normann",3,IEEE Transactions on Neural Networks and Learning Systems,2024,63,journal-article,Institute of Electrical and Electronics Engineers (IEEE),prediccion_conforme,conformalized quantile regression
10.1093/biomet/asac040,Localized conformal prediction: a generalized inference framework for conformal prediction,"Guan, Leying",1,Biometrika,2022,57,journal-article,Oxford University Press (OUP),prediccion_conforme,adaptive conformal inference
10.3390/en18185000,Benchmarking Transformer Variants for Hour-Ahead PV Forecasting: PatchTST with Adaptive Conformal Inference,"Suresh, Vishnu",1,Energies,2025,20,journal-article,MDPI AG,prediccion_conforme,adaptive conformal inference
10.1088/1361-6501/ad762c,Remaining useful life prediction based on time-series features and conformalized quantile regression,"Mao, Song; Li, Xiaofeng; Zhao, Boyang",3,Measurement Science and Technology,2024,17,journal-article,IOP Publishing,prediccion_conforme,conformalized quantile regression
10.1016/j.eswa.2023.122322,Improving conformalized quantile regression through cluster-based feature relevance,"Sousa, Martim; Tomé, Ana Maria; Moreira, José",3,Expert Systems with Applications,2024,11,journal-article,Elsevier BV,prediccion_conforme,conformalized quantile regression
10.1109/tii.2025.3529920,Uncertainty Quantification Based on Conformal Prediction for Industrial Time Series With Distribution Shift,"Zhang, Ruiyao; Zhou, Ping",2,IEEE Transactions on Industrial Informatics,2025,10,journal-article,Institute of Electrical and Electronics Engineers (IEEE),prediccion_conforme,conformal prediction time series distribution shift
10.1016/j.asoc.2025.113476,A novel wind power interval prediction method based on neural ensemble search and dynamic conformalized quantile regression,"Hu, Jianming; Deng, Yuwen; Che, Jinxing",3,Applied Soft Computing,2025,9,journal-article,Elsevier BV,prediccion_conforme,conformalized quantile regression
10.3390/su18020739,Probabilistic Photovoltaic Power Forecasting with Reliable Uncertainty Quantification via Multi-Scale Temporal–Spatial Attention and Conformalized Quantile Regression,"Wang, Guanghu; Zhou, Yan; Yan, Yan; Zhou, Zhihan; Yang, Zikang; Dai, Litao; Huang, Junpeng",7,Sustainability,2026,9,journal-article,MDPI AG,prediccion_conforme,conformalized quantile regression
10.1016/j.knosys.2025.114222,Mamba based adaptive conformal inference for probabilistic short-term load forecasting,"Suresh, Vishnu; Swain, Anshuman; Revathi, B. Sri; Guerrero, Josep M.",4,Knowledge-Based Systems,2025,8,journal-article,Elsevier BV,prediccion_conforme,adaptive conformal inference
10.1038/s41598-026-40637-w,Conformal selective prediction with cost aware deferral for safe clinical triage under distribution shift,"Kwon, Hyun; Kim, Dae-Jin",2,Scientific Reports,2026,7,journal-article,Springer Science and Business Media LLC,prediccion_conforme,conformal prediction time series distribution shift
10.1609/aaai.v39i16.33915,CUQDS: Conformal Uncertainty Quantification Under Distribution Shift for Trajectory Prediction,"Huang, Huiqun; He, Sihong; Miao, Fei",3,Proceedings of the AAAI Conference on Artificial Intelligence,2025,7,journal-article,Association for the Advancement of Artificial Intelligence (AAAI),prediccion_conforme,conformal prediction time series distribution shift
10.1016/j.jpowsour.2025.239123,Enhancing reliability in electrified transportation: A conformalized quantile regression framework for battery state-of-charge uncertainty quantification,"Soon, Kian Lun; Soon, Lam Tatt",2,Journal of Power Sources,2026,7,journal-article,Elsevier BV,prediccion_conforme,conformalized quantile regression
10.1007/s10489-025-06708-7,Conformal prediction for out-of-distribution time-series classification,"Nanopoulos, Alexandros; Buza, Krisztian",2,Applied Intelligence,2025,6,journal-article,Springer Science and Business Media LLC,prediccion_conforme,conformal prediction time series distribution shift
10.1016/j.patcog.2025.111999,Beyond conformal predictors: Adaptive Conformal Inference with confidence predictors,"Hallberg Szabadváry, Johan; Löfström, Tuwe",2,Pattern Recognition,2026,6,journal-article,Elsevier BV,prediccion_conforme,adaptive conformal inference
10.3390/jrfm17060248,Adaptive Conformal Inference for Computing Market Risk Measures: An Analysis with Four Thousand Crypto-Assets,"Fantazzini, Dean",1,Journal of Risk and Financial Management,2024,5,journal-article,MDPI AG,prediccion_conforme,adaptive conformal inference
10.1214/25-aos2495,Conformal inference for random objects,"Zhou, Hang; Müller, Hans-Georg",2,The Annals of Statistics,2025,4,journal-article,Institute of Mathematical Statistics,prediccion_conforme,adaptive conformal inference
10.1002/sdtp.16549,22‐2: Low power consumption optimization using conformalized quantile regression,"Park, Kyongtae; Chu, SeongBaik",2,SID Symposium Digest of Technical Papers,2023,3,journal-article,Wiley,prediccion_conforme,conformalized quantile regression
10.1109/access.2025.3601406,AFMDS: Attention-Based Forecasting Model Against Distribution Shift for Long-Term Non-Stationary Time Series Prediction,"Xu, Haiyan",1,IEEE Access,2025,2,journal-article,Institute of Electrical and Electronics Engineers (IEEE),prediccion_conforme,conformal prediction time series distribution shift
10.1038/s41598-026-40911-x,A non-parametric adaptive conformal inference based probabilistic hour-ahead solar PV power forecasting method,"Suresh, Vishnu; Revathi, B. Sri; Guerrero, Josep M.",3,Scientific Reports,2026,2,journal-article,Springer Science and Business Media LLC,prediccion_conforme,adaptive conformal inference
10.1007/s00500-025-11152-3,CondSR: Conditional Shift-Robust Conformal Prediction for Graph Neural Networks,"Akansha, S.",1,Soft Computing,2026,1,journal-article,Springer Science and Business Media LLC,prediccion_conforme,conformal prediction time series distribution shift
10.3390/en19061495,"Model-Agnostic, Probabilistic, Hour-Ahead Solar PV Forecasting Using Adaptive Conformal Inference","Suresh, Vishnu",1,Energies,2026,1,journal-article,MDPI AG,prediccion_conforme,adaptive conformal inference
10.61424/ka6yps02,Distribution-Free Selective Prediction for LLM-RAG Hallucination Detection: Word-Level Conformal Risk Control under Domain Shift,"Lin, Monica",1,Stout in Mathematics and Statistics,2026,0,journal-article,Bluemark Publishers,prediccion_conforme,conformal prediction time series distribution shift
10.3390/en19143446,Out-of-Distribution-Aware Time Series Conformal Prediction with Adaptive Retraining for Solar Power Forecasting,"Ilić, Uroš; Kundačina, Ognjen; Petrušić, Andrija; Andrejević Stošović, Miona; Radivojević, Novak; Stajić, Zoran",6,Energies,2026,0,journal-article,MDPI AG,prediccion_conforme,conformal prediction time series distribution shift
10.19139/soic-2310-5070-3782,Rolling-Calibrated Conformal Decision Support for Seasonal Airport Taxi-Time Planning under Distribution Shift,"Momtaz, Soufiane",1,"Statistics, Optimization &amp; Information Computing",2026,0,journal-article,International Academic Press,prediccion_conforme,conformal prediction time series distribution shift
10.3390/electronics15153488,Frequency–Time Domain Alignment for Cross-Subject Time-Series Classification Under Distribution Shift,"Won, Dong-Hyun; Shin, Kwang-Seong",2,Electronics,2026,0,journal-article,MDPI AG,prediccion_conforme,conformal prediction time series distribution shift
10.1007/s12546-026-09422-4,Conformal prediction for functional time series: application to age-specific mortality rates,"Shang, Han Lin",1,Journal of Population Research,2026,0,journal-article,Springer Science and Business Media LLC,prediccion_conforme,conformal prediction time series distribution shift
10.36001/ijphm.2026.v17i1.4724,Remaining Useful Life Estimation for Aircraft Engines with Risk-Aware Prediction Intervals via Conformalized Quantile Regression,"Robinson, Colby",1,International Journal of Prognostics and Health Management,2026,0,journal-article,PHM Society,prediccion_conforme,conformalized quantile regression
10.3390/forecast8040055,DG-TFT-CQR: A Dynamic Graph–Temporal Fusion Transformer with Conformalized Quantile Regression for Wind Power Forecasting,"El Bakkali, Yassir; Krami, Nissrine; Rochdi, Youssef; Boukaibat, Achraf",4,Forecasting,2026,0,journal-article,MDPI AG,prediccion_conforme,conformalized quantile regression
10.1002/gepi.70008,Uncertainty Quantification in Epigenetic Clocks via Conformalized Quantile Regression,"Li, Yanping; Goodrich, Jaclyn M.; Peterson, Karen E.; Song, Peter X.‐K.; Luo, Lan",5,Genetic Epidemiology,2025,0,journal-article,Wiley,prediccion_conforme,conformalized quantile regression
10.1016/j.ress.2026.113370,Boosting solar power grid reliability: Calibrated uncertainty quantification via conformalized quantile regression framework,"Soon, Kian Lun; Soon, Lam Tatt; Lai, Nai Shyan; Tee, Wei Hown",4,Reliability Engineering &amp; System Safety,2027,0,journal-article,Elsevier BV,prediccion_conforme,conformalized quantile regression
10.1016/j.measurement.2026.121765,Hierarchical adaptive conformal inference for reliable uncertainty quantification in edge-deployable medical wearables,"ALLAM, Oussama EL; HAMLICH, Mohamed",2,Measurement,2026,0,journal-article,Elsevier BV,prediccion_conforme,adaptive conformal inference
10.47813/2782-5280-2026-5-2-2050-2061,Stabilized adaptive robust conformal inference for small-sample regression under contamination and heavy-tailed errors,"Alrefaee, S. D.; Alkailany, M. A.",2,Информатика. Экономика. Управление - Informatics. Economics. Management,2026,0,journal-article,Krasnoyarsk Science and Technology City Hall,prediccion_conforme,adaptive conformal inference
10.5705/ss.202025.0476,Conformal Causal Inference for Cluster Randomized Trials: Model-robust Inference Without Asymptotic Approximations,"Wang, Bingkai; Li, Fan; Yu, Mengxin",3,Statistica Sinica,2029,0,journal-article,Statistica Sinica (Institute of Statistical Science),prediccion_conforme,adaptive conformal inference
10.1007/s00181-022-02344-z,"Hotelling tubes, confidence bands and conformal inference","Koenker, Roger",1,Empirical Economics,2023,0,journal-article,Springer Science and Business Media LLC,prediccion_conforme,adaptive conformal inference
10.1016/j.rser.2018.01.009,Short-term integration costs of variable renewable energy: Wind curtailment and balancing in Britain and Germany,"Joos, Michael; Staffell, Iain",2,Renewable and Sustainable Energy Reviews,2018,260,journal-article,Elsevier BV,pronostico_de_vertimiento,renewable energy curtailment forecasting
10.1016/j.renene.2015.11.073,Machine learning ensembles for wind power prediction,"Heinermann, Justin; Kramer, Oliver",2,Renewable Energy,2016,216,journal-article,Elsevier BV,pronostico_de_vertimiento,wind power curtailment prediction machine learning
10.1016/j.renene.2018.06.079,Timescales of energy storage needed for reducing renewable energy curtailment,"Denholm, Paul; Mai, Trieu",2,Renewable Energy,2019,205,journal-article,Elsevier BV,pronostico_de_vertimiento,renewable energy curtailment forecasting
10.1016/j.apenergy.2021.116805,"Economic operation of a wind-solar-hydro complementary system considering risks of output shortage, power curtailment and spilled water","Huang, Kangdi; Liu, Pan; Ming, Bo; Kim, Jong-Suk; Gong, Yu",5,Applied Energy,2021,151,journal-article,Elsevier BV,pronostico_de_vertimiento,solar curtailment prediction power system
10.3390/en15072327,Efficient Wind Power Prediction Using Machine Learning Methods: A Comparative Study,"Alkesaiberi, Abdulelah; Harrou, Fouzi; Sun, Ying",3,Energies,2022,150,journal-article,MDPI AG,pronostico_de_vertimiento,wind power curtailment prediction machine learning
10.1016/j.renene.2020.07.017,Scheduling electric vehicle charging to minimise carbon emissions and wind curtailment,"Dixon, James; Bukhsh, Waqquas; Edmunds, Calum; Bell, Keith",4,Renewable Energy,2020,145,journal-article,Elsevier BV,pronostico_de_vertimiento,renewable energy curtailment forecasting
10.1016/j.rser.2018.07.021,"Solar energy curtailment in China: Status quo, reasons and solutions","Tang, Ningning; Zhang, Yuning; Niu, Yuguang; Du, Xiaoze",4,Renewable and Sustainable Energy Reviews,2018,122,journal-article,Elsevier BV,pronostico_de_vertimiento,renewable energy curtailment forecasting
10.3390/app132011455,Prediction of Wind Power with Machine Learning Models,"Karaman, Ömer Ali",1,Applied Sciences,2023,94,journal-article,MDPI AG,pronostico_de_vertimiento,wind power curtailment prediction machine learning
10.1016/j.renene.2018.01.090,"Hydropower curtailment in Yunnan Province, southwestern China: Constraint analysis and suggestions","Liu, Benxi; Liao, Shengli; Cheng, Chuntian; Chen, Fu; Li, Weidong",5,Renewable Energy,2018,92,journal-article,Elsevier BV,pronostico_de_vertimiento,renewable energy curtailment forecasting
10.1016/j.solener.2017.07.083,Large-scale integration of photovoltaic power in a distribution grid using power curtailment and energy storage,"Luthander, Rasmus; Lingfors, David; Widén, Joakim",3,Solar Energy,2017,76,journal-article,Elsevier BV,pronostico_de_vertimiento,solar curtailment prediction power system
10.1016/j.eneco.2015.03.002,Economic curtailment of intermittent renewable energy sources,"Henriot, Arthur",1,Energy Economics,2015,64,journal-article,Elsevier BV,pronostico_de_vertimiento,renewable energy curtailment forecasting
10.3390/en12040673,Wind Power Prediction Based on Extreme Learning Machine with Kernel Mean p-Power Error Loss,"Li, Ning; He, Fuxing; Ma, Wentao",3,Energies,2019,48,journal-article,MDPI AG,pronostico_de_vertimiento,wind power curtailment prediction machine learning
10.1016/j.renene.2022.03.131,Value of demand flexibility for managing wind energy constraint and curtailment,"Agbonaye, Osaru; Keatley, Patrick; Huang, Ye; Odiase, Friday O.; Hewitt, Neil",5,Renewable Energy,2022,41,journal-article,Elsevier BV,pronostico_de_vertimiento,renewable energy curtailment forecasting
10.3390/electronics11081251,A Risk Curtailment Strategy for Solar PV-Battery Integrated Competitive Power System,"Das, Arup; Dawn, Subhojit; Gope, Sadhan; Ustun, Taha Selim",4,Electronics,2022,38,journal-article,MDPI AG,pronostico_de_vertimiento,solar curtailment prediction power system
10.1016/j.energy.2023.127741,Transmission impedance control impacts on carbon emissions and renewable energy curtailment,"Mirzapour, Omid; Rui, Xinyang; Sahraei-Ardakani, Mostafa",3,Energy,2023,33,journal-article,Elsevier BV,pronostico_de_vertimiento,renewable energy curtailment forecasting
10.1109/access.2019.2939657,Machine Learning-Based Prediction of Icing-Related Wind Power Production Loss,"Scher, Sebastian; Molinder, Jennie",2,IEEE Access,2019,31,journal-article,Institute of Electrical and Electronics Engineers (IEEE),pronostico_de_vertimiento,wind power curtailment prediction machine learning
10.1016/j.renene.2021.04.020,Fair consumer outcomes in the balance: Data driven analysis of distributed PV curtailment,"Stringer, Naomi; Haghdadi, Navid; Bruce, Anna; MacGill, Iain",4,Renewable Energy,2021,24,journal-article,Elsevier BV,pronostico_de_vertimiento,renewable energy curtailment forecasting
10.3390/en13184703,"Renewable Energy Curtailment: Prediction Using a Logic-Based Forecasting Method and Mitigation Measures in Kyushu, Japan","Bunodiere, Alex; Lee, Han Soo",2,Energies,2020,19,journal-article,MDPI AG,pronostico_de_vertimiento,renewable energy curtailment forecasting
10.1016/j.eneco.2025.108472,Implications of renewable electricity curtailment for delivered costs,"Newbery, David",1,Energy Economics,2025,17,journal-article,Elsevier BV,pronostico_de_vertimiento,renewable energy curtailment forecasting
10.1016/j.renene.2024.120424,Fairness and usability analysis in renewable power curtailment: A microgrid network study using bankruptcy rules,"Alyami, Saeed",1,Renewable Energy,2024,15,journal-article,Elsevier BV,pronostico_de_vertimiento,renewable energy curtailment forecasting
10.3390/en11112905,Data-Driven Prediction of Load Curtailment in Incentive-Based Demand Response System,"Kang, Jimyung; Lee, Soonwoo",2,Energies,2018,15,journal-article,MDPI AG,pronostico_de_vertimiento,solar curtailment prediction power system
10.3390/su151411400,Analysis of System Balancing and Wind Power Curtailment Challenges in the Ethiopian Power System under Different Scenarios,"Nefabas, Kena Likassa; Mamo, Mengesha; Söder, Lennart",3,Sustainability,2023,6,journal-article,MDPI AG,pronostico_de_vertimiento,solar curtailment prediction power system
10.1504/ijpelec.2022.124701,Short-time wind power prediction using hybrid kernel extreme learning machine,"Mishra, Sthita Prajna; Naik, Jyotirmayee",2,International Journal of Power Electronics,2022,5,journal-article,Inderscience Publishers,pronostico_de_vertimiento,wind power curtailment prediction machine learning
10.3390/en13184920,Multi-Year High-Voltage Power System Planning Considering Active Power Curtailment,"Schäfer, Florian; Braun, Martin",2,Energies,2020,4,journal-article,MDPI AG,pronostico_de_vertimiento,solar curtailment prediction power system
10.3390/wind2030025,Power Curtailment Analysis of DC Series–Parallel Offshore Wind Farms,"Lakshmanan, Padmavathi",1,Wind,2022,3,journal-article,MDPI AG,pronostico_de_vertimiento,wind power curtailment prediction machine learning
10.62777/pec.v1i1.6,Wind Power Prediction Model Using Machine Learning,"Waweru, Paul; Kagiri, Charles; Mulembo, Titus",3,"Journal of Power, Energy, and Control",2024,1,journal-article,PT. Medika Surya Dwinugraha,pronostico_de_vertimiento,wind power curtailment prediction machine learning
10.1016/j.epsr.2025.112517,Feasibility study of solar power curtailment prediction using multivariate dynamic time warping – based machine learning: A case study of Jeju island,"Lee, Junseo; Cho, Junhwi; Rodrigazo, Shanelle Aira; Kang, Julian; Lee, Kyung-Sun; Yeon, Jaeheum",6,Electric Power Systems Research,2026,1,journal-article,Elsevier BV,pronostico_de_vertimiento,wind power curtailment prediction machine learning
10.3390/su152316291,Multi-Agent Systems and Machine Learning for Wind Turbine Power Prediction from an Educational Perspective,"Soygazi, Fatih",1,Sustainability,2023,1,journal-article,MDPI AG,pronostico_de_vertimiento,wind power curtailment prediction machine learning
10.5013/ijssst.a.20.03.18,Prediction of the Power Generation Solar Power Plant System in Thailand,"Manosukritkul, Phasapon",1,"International journal of simulation: systems, science &amp; technology",2019,1,journal-article,UK Simulation Society,pronostico_de_vertimiento,solar curtailment prediction power system
10.1504/ijpelec.2022.10046564,Short-Time Wind Power Prediction using Hybrid Kernel Extreme Learning Machine,"Mishra, Sthita Prajna; Naik, Jyotirmayee",2,International Journal of Power Electronics,2022,0,journal-article,Inderscience Publishers,pronostico_de_vertimiento,wind power curtailment prediction machine learning
10.1142/s0217984917400577,Stochastic gradient identification algorithm for nonlinear system modeling in wind power curtailment prediction,"Wang, Ziyun; Wu, Dinghui; Wang, Yan; Ji, Zhicheng",4,Modern Physics Letters B,2017,0,journal-article,World Scientific Pub Co Pte Lt,pronostico_de_vertimiento,solar curtailment prediction power system
10.3390/solar6030025,Coordinated Day-Ahead and Intra-Day Scheduling of Cascaded Hydro–Solar Hybrid System Considering Curtailment Risk,"Ai, Xianren; Li, Honggang; Wang, Yuqian; Zhang, Qishun; Peng, Jie; Li, Feifan; Cheng, Chulun",7,Solar,2026,0,journal-article,MDPI AG,pronostico_de_vertimiento,solar curtailment prediction power system
10.1109/67.207471,Telemetering system supports load curtailment and billing,"Mabry, R.; Biagini, D.",2,IEEE Computer Applications in Power,1993,0,journal-article,Institute of Electrical and Electronics Engineers (IEEE),pronostico_de_vertimiento,solar curtailment prediction power system
10.1016/j.apenergy.2018.10.061,Electricity consumption probability density forecasting method based on LASSO-Quantile Regression Neural Network,"He, Yaoyao; Qin, Yang; Wang, Shuo; Wang, Xu; Wang, Chao",5,Applied Energy,2019,143,journal-article,Elsevier BV,pronostico_probabilistico,quantile regression forecasting electricity
10.1016/j.ijforecast.2014.12.004,Probabilistic forecasting of electricity spot prices using Factor Quantile Regression Averaging,"Maciejowska, Katarzyna; Nowotarski, Jakub; Weron, Rafał",3,International Journal of Forecasting,2016,126,journal-article,Elsevier BV,pronostico_probabilistico,quantile regression forecasting electricity
10.1016/j.apm.2018.10.019,Multi-objective algorithm for the design of prediction intervals for wind power forecasting model,"Jiang, Ping; Li, Ranran; Li, Hongmin",3,Applied Mathematical Modelling,2019,117,journal-article,Elsevier BV,pronostico_probabilistico,probabilistic forecasting wind power prediction intervals
10.1109/tpwrs.2021.3053847,Operating Reserve Quantification Using Prediction Intervals of Wind Power: An Integrated Probabilistic Forecasting and Decision Methodology,"Zhao, Changfei; Wan, Can; Song, Yonghua",3,IEEE Transactions on Power Systems,2021,88,journal-article,Institute of Electrical and Electronics Engineers (IEEE),pronostico_probabilistico,probabilistic forecasting wind power prediction intervals
10.1016/j.eneco.2021.105121,Regularized quantile regression averaging for probabilistic electricity price forecasting,"Uniejewski, Bartosz; Weron, Rafał",2,Energy Economics,2021,79,journal-article,Elsevier BV,pronostico_probabilistico,quantile regression forecasting electricity
10.1016/j.solener.2018.06.103,"Probabilistic forecasting of solar power, electricity consumption and net load: Investigating the effect of seasons, aggregation and penetration on prediction intervals","van der Meer, D.W.; Munkhammar, J.; Widén, J.",3,Solar Energy,2018,75,journal-article,Elsevier BV,pronostico_probabilistico,probabilistic forecasting wind power prediction intervals
10.1127/metz/2015/0659,Predictor-weighting strategies for probabilistic wind power forecasting with an analog ensemble,"Junk, Constantin; Delle Monache, Luca; Alessandrini, Stefano; Cervone, Guido; von Bremen, Lueder",5,Meteorologische Zeitschrift,2015,57,journal-article,Schweizerbart,pronostico_probabilistico,probabilistic forecasting wind power prediction intervals
10.3390/app8020185,Wind Power Forecasting Using Multi-Objective Evolutionary Algorithms for Wavelet Neural Network-Optimized Prediction Intervals,"Shen, Yanxia; Wang, Xu; Chen, Jie",3,Applied Sciences,2018,56,journal-article,MDPI AG,pronostico_probabilistico,probabilistic forecasting wind power prediction intervals
10.1016/j.tej.2020.106802,Understanding the determinants on household electricity consumption in Korea: OLS regression and quantile regression,"Kim, Min-Jeong",1,The Electricity Journal,2020,40,journal-article,Elsevier BV,pronostico_probabilistico,quantile regression forecasting electricity
10.1016/j.ijforecast.2015.11.007,K-nearest neighbors for GEFCom2014 probabilistic wind power forecasting,"Mangalova, Ekaterina; Shesterneva, Olesya",2,International Journal of Forecasting,2016,31,journal-article,Elsevier BV,pronostico_probabilistico,probabilistic forecasting wind power prediction intervals
10.1016/j.energy.2023.129925,Wholesale electricity price forecasting by Quantile Regression and Kalman Filter method,"Monjazeb, Mohammad Reza; Amiri, Hossein; Movahedi, Akram",3,Energy,2024,31,journal-article,Elsevier BV,pronostico_probabilistico,quantile regression forecasting electricity
10.1002/we.1988,Leveraging stochastic differential equations for probabilistic forecasting of wind power using a dynamic power curve,"Iversen, Emil B.; Morales, Juan M.; Møller, Jan K.; Trombe, Pierre-Julien; Madsen, Henrik",5,Wind Energy,2016,28,journal-article,Wiley,pronostico_probabilistico,probabilistic forecasting wind power prediction intervals
10.1016/j.ecoinf.2021.101489,Panel semiparametric quantile regression neural network for electricity consumption forecasting,"Zhou, Xingcai; Wang, Jiangyan; Wang, Hongxia; Lin, Jinguan",4,Ecological Informatics,2022,24,journal-article,Elsevier BV,pronostico_probabilistico,quantile regression forecasting electricity
10.1016/j.ijforecast.2019.06.003,Probabilistic energy forecasting using the nearest neighbors quantile filter and quantile regression,"González Ordiano, Jorge Ángel; Gröll, Lutz; Mikut, Ralf; Hagenmeyer, Veit",4,International Journal of Forecasting,2020,23,journal-article,Elsevier BV,pronostico_probabilistico,quantile regression forecasting electricity
10.3390/en16135152,Day-Ahead Electricity Price Probabilistic Forecasting Based on SHAP Feature Selection and LSTNet Quantile Regression,"Liu, Huixin; Shen, Xiaodong; Tang, Xisheng; Liu, Junyong",4,Energies,2023,21,journal-article,MDPI AG,pronostico_probabilistico,quantile regression forecasting electricity
10.1109/tste.2014.2323852,Closure to the Discussion of “Prediction Intervals for Short-Term Wind Farm Generation Forecasts” and “Combined Nonparametric Prediction Intervals for Wind Power Generation” and the Discussion of “Combined Nonparametric Prediction Intervals for Wind Power Generation”,"Khosravi, Abbas; Nahavandi, Saeid",2,IEEE Transactions on Sustainable Energy,2014,17,journal-article,Institute of Electrical and Electronics Engineers (IEEE),pronostico_probabilistico,probabilistic forecasting wind power prediction intervals
10.1109/access.2025.3528450,Quantile Regression for Probabilistic Electricity Price Forecasting in the U.K. Electricity Market,"Osone, Yuki; Kodaira, Daisuke",2,IEEE Access,2025,9,journal-article,Institute of Electrical and Electronics Engineers (IEEE),pronostico_probabilistico,quantile regression forecasting electricity
10.1016/j.jcomm.2025.100501,Smoothing quantile regression averaging: A new approach to probabilistic forecasting of electricity prices,"Uniejewski, Bartosz",1,Journal of Commodity Markets,2025,9,journal-article,Elsevier BV,pronostico_probabilistico,quantile regression forecasting electricity
10.3390/en14185942,A WT-LUBE-PSO-CWC Wind Power Probabilistic Forecasting Model for Prediction Interval Construction and Seasonality Analysis,"Bazionis, Ioannis; Kousounadis-Knudsen, Markos; Konstantinou, Theodoros; Georgilakis, Pavlos",4,Energies,2021,7,journal-article,MDPI AG,pronostico_probabilistico,probabilistic forecasting wind power prediction intervals
10.1002/for.3103,Electricity price forecasting using quantile regression averaging with nonconvex regularization,"Jiang, He; Dong, Yao; Wang, Jianzhou",3,Journal of Forecasting,2024,6,journal-article,Wiley,pronostico_probabilistico,quantile regression forecasting electricity
10.3390/en16227615,Probabilistic Wind Speed Forecasting for Wind Turbine Allocation in the Power Grid,"Chaouch, Mohamed",1,Energies,2023,4,journal-article,MDPI AG,pronostico_probabilistico,probabilistic forecasting wind power prediction intervals
10.1002/we.70079,Seamless Short‐ to Mid‐Term Probabilistic Wind Power Forecasting,"Dantas, Gabriel; Browell, Jethro",2,Wind Energy,2025,4,journal-article,Wiley,pronostico_probabilistico,probabilistic forecasting wind power prediction intervals
10.1016/j.ifacol.2020.12.983,Probabilistic Wind Power Prediction Based on Ensemble Weather Forecasting,"Nohara, Daisuke; Ohba, Masamichi; Watanabe, Takeshi; Kadokura, Shinji",4,IFAC-PapersOnLine,2020,3,journal-article,Elsevier BV,pronostico_probabilistico,probabilistic forecasting wind power prediction intervals
10.1088/1742-6596/1008/1/012023,Hybrid ARIMAX quantile regression method for forecasting short term electricity consumption in east java,"Prastuti, M; Suhartono; Salehah, NA",3,Journal of Physics: Conference Series,2018,0,journal-article,IOP Publishing,pronostico_probabilistico,quantile regression forecasting electricity
10.1109/tr.2015.2495173,Reliability Impact of Dynamic Thermal Rating System in Wind Power Integrated Network,"Teh, Jiashen; Cotton, Ian",2,IEEE Transactions on Reliability,2016,148,journal-article,Institute of Electrical and Electronics Engineers (IEEE),restricciones_termicas,thermal constraints power system operation dynamic rating
10.1109/t-pas.1977.32393,A new thermal rating approach: The real time thermal rating system for strategic overhead conductor transmission lines -- Part I: General description and justification of the real time thermal rating system,"Davis, M.W.",1,IEEE Transactions on Power Apparatus and Systems,1977,143,journal-article,Institute of Electrical and Electronics Engineers (IEEE),restricciones_termicas,thermal constraints power system operation dynamic rating
10.1016/j.egyr.2022.02.085,Comprehensive review of the dynamic thermal rating system for sustainable electrical power systems,"Lai, Ching-Ming; Teh, Jiashen",2,Energy Reports,2022,120,journal-article,Elsevier BV,restricciones_termicas,thermal constraints power system operation dynamic rating
10.1109/tpwrs.2018.2829079,Power System Reliability Evaluation Incorporating Dynamic Thermal Rating and Network Topology Optimization,"Xiao, Ruosong; Xiang, Yingmeng; Wang, Lingfeng; Xie, Kaigui",4,IEEE Transactions on Power Systems,2018,81,journal-article,Institute of Electrical and Electronics Engineers (IEEE),restricciones_termicas,thermal constraints power system operation dynamic rating
10.1109/t-pas.1977.32394,A new thermal rating approach: The real time thermal rating system for strategic overhead conductor transmission lines -- Part II: Steady state thermal rating program,"Davis, M.W.",1,IEEE Transactions on Power Apparatus and Systems,1977,61,journal-article,Institute of Electrical and Electronics Engineers (IEEE),restricciones_termicas,thermal constraints power system operation dynamic rating
10.1109/tpwrd.2017.2711502,Optimal Placement of GIC Blocking Devices Considering Equipment Thermal Limits and Power System Operation Constraints,"Rezaei-Zare, Afshin; Etemadi, Amir H.",2,IEEE Transactions on Power Delivery,2018,41,journal-article,Institute of Electrical and Electronics Engineers (IEEE),restricciones_termicas,thermal constraints power system operation dynamic rating
10.1109/61.194006,An experimental evaluation of a thermal line uprating by conductor temperature and weather monitoring,"Callahan, P.M.; Douglass, D.A.",2,IEEE Transactions on Power Delivery,1988,37,journal-article,Institute of Electrical and Electronics Engineers (IEEE),restricciones_termicas,conductor temperature thermal limit transmission line
10.1109/tpwrs.2016.2601072,Power System State and Transmission Line Conductor Temperature Estimation,"Rakpenthai, Chawasak; Uatrongjit, Sermsak",2,IEEE Transactions on Power Systems,2017,35,journal-article,Institute of Electrical and Electronics Engineers (IEEE),restricciones_termicas,conductor temperature thermal limit transmission line
10.1109/59.141766,On selecting transmission lines for dynamic thermal line rating system implementation,"Chu, R.F.",1,IEEE Transactions on Power Systems,1992,23,journal-article,Institute of Electrical and Electronics Engineers (IEEE),restricciones_termicas,thermal constraints power system operation dynamic rating
10.1049/iet-gtd.2014.1113,Analysis of power transfer limit considering thermal balance of overhead conductor,"Dong, Xiaoming; Kang, Chongqing; Sun, Hua; Zhang, Ning",4,"IET Generation, Transmission &amp; Distribution",2015,20,journal-article,Institution of Engineering and Technology (IET),restricciones_termicas,conductor temperature thermal limit transmission line
10.1049/iet-gtd.2015.0257,Transmission expansion planning model considering conductor thermal dynamics and high temperature low sag conductors,"Kwon, Jonghwan; Hedman, Kory W.",2,"IET Generation, Transmission &amp; Distribution",2015,17,journal-article,Institution of Engineering and Technology (IET),restricciones_termicas,conductor temperature thermal limit transmission line
10.1016/j.apenergy.2025.126536,Reliability impact of dynamic thermal rating on power system under high wind penetration and frequency security constraints,"He, Xi; Teh, Jiashen; Alharbi, Bader",3,Applied Energy,2025,13,journal-article,Elsevier BV,restricciones_termicas,thermal constraints power system operation dynamic rating
10.1002/etep.1715,A proposed algorithm for an overhead transmission line conductor temperature rise calculation,"Kotni, Lahouari",1,International Transactions on Electrical Energy Systems,2012,11,journal-article,Hindawi Limited,restricciones_termicas,conductor temperature thermal limit transmission line
10.1109/61.660888,Assesment of thermal deterioration of transmission line conductor by probabilistic method,"Mizuno, Y.; Nakamura, H.; Adomah, K.; Naito, K.",4,IEEE Transactions on Power Delivery,1998,10,journal-article,Institute of Electrical and Electronics Engineers (IEEE),restricciones_termicas,conductor temperature thermal limit transmission line
10.1016/j.renene.2025.124030,Chance-constrained dynamic thermal line rating of power system for enhancing stochastic renewable penetration,"Sadeghian, Omid; Mohammadi-Ivatloo, Behnam",2,Renewable Energy,2026,3,journal-article,Elsevier BV,restricciones_termicas,thermal constraints power system operation dynamic rating
10.1002/j.1538-7305.1958.tb01533.x,Transmission Characteristics of a Three-Conductor Coaxial Transmission Line with Transpositions,"Raisbeck, G.; Manley, J. M.",2,Bell System Technical Journal,1958,2,journal-article,Institute of Electrical and Electronics Engineers (IEEE),restricciones_termicas,conductor temperature thermal limit transmission line
10.1016/j.epsr.2025.112467,Wildfire impact analysis on power system operation: a framework leveraging physics-based wildfire simulation and dynamic line rating,"Nematshahi, Saeed; Sohrabi, Behrouz; Khodaei, Amin; Arabnya, Ali; Fan, Rui",5,Electric Power Systems Research,2026,1,journal-article,Elsevier BV,restricciones_termicas,thermal constraints power system operation dynamic rating
10.1109/tpwrd.2026.3684330,Dynamic Thermal Line Rating Estimation of Power System,"Sharma, Neeraj Kumar; Chakrabarti, Saikat; Sharma, Ankush",3,IEEE Transactions on Power Delivery,2026,0,journal-article,Institute of Electrical and Electronics Engineers (IEEE),restricciones_termicas,thermal constraints power system operation dynamic rating
10.1016/j.epsr.2026.114061,Enhancement of power system state estimation using dynamic thermal line rating parameters,"Sharma, Neeraj Kumar; Chakrabarti, Saikat; Sharma, Ankush",3,Electric Power Systems Research,2027,0,journal-article,Elsevier BV,restricciones_termicas,thermal constraints power system operation dynamic rating
10.1016/j.coldregions.2026.104986,Evolution of the probability distributions of icing thickness and conductor temperature considering thermal de-icing: A transmission line reliability assessment approach,"Song, Xinxin; Chen, Bo; Lu, Xuesong",3,Cold Regions Science and Technology,2026,0,journal-article,Elsevier BV,restricciones_termicas,conductor temperature thermal limit transmission line
